companyName,size,location,url
SDLC Corp,250 - 999,"Batavia, United States",https://sdlccorp.com/?utm_source=good-firms&utm_medium=listing&utm_campaign=software-development
Instinctools,250 - 999,"Potomac, United States",https://www.instinctools.com/?utm_source=goodfirms.co&utm_medium=referral&utm_campaign=profile
Empat,50 - 249,"Miami, United States",https://empat.tech/?utm_source=Goodfirms&utm_medium=referral
Closeloop Technologies,50 - 249,"Mountain View, United States",https://closeloop.com/?utm_source=goodfirms&utm_medium=referral&utm_campaign=goodfirm-software-development
Unico Connect,50 - 249,"Mumbai, India",https://unicoconnect.com/services/ai-development?utm_source=Goodfirms&utm_medium=referral
JPLoft,50 - 249,"Denver, United States",https://www.jploft.com/software-development-services?utm_source=Goodfirms&utm_medium=referral
OpenXcell,250 - 999,"Las Vegas, United States",https://www.openxcell.com/custom-software-development-company/?utm_source=Goodfirms&utm_medium=Referral&utm_campaign=goodfirms-software-development-companies
Utility,50 - 249,"NYC, United States",https://utility.agency/?utm_source=gf&utm_medium=lst&utm_campaign=dev
Tallium Inc.,50 - 249,"Amsterdam, Netherlands",https://tallium.com/en/services/development/?utm_source=Goodfirms&utm_medium=referral
Persol Cross Technology Vietnam,50 - 249,"Ho Chi Minh City, Vietnam",https://www.persol-xtech.vn/?utm_source=goodfirms&utm_medium=referral&utm_campaign=goodfirms_profile&utm_content=software_development
Chop Dawg,50 - 249,"Smyrna, United States",https://www.chopdawg.com/what-well-do-for-you/?utm_source=Goodfirms&utm_medium=referral
ELEKS,"1,000 - 9,999","Tallinn, Estonia",https://eleks.com/?utm_source=Goodfirms&utm_medium=referral
Saigon Technology,250 - 999,"Reston, United States",https://saigontechnology.com/services/software-development-outsourcing/?utm_source=Goodfirms&utm_medium=referral
Sigli,50 - 249,"Antwerpen, Belgium",https://www.sigli.com/?utm_source=Goodfirms&utm_medium=referral
Goji Labs,10 - 49,"Los Angeles, United States",https://gojilabs.com/lp/custom-web-app-development/?utm_source=goodfirms&utm_medium=referral&utm_campaign=software_development
Lumitech,50 - 249,"Dubai, UAE",https://lumitech.co/services/web-development?utm_source=Goodfirms&utm_medium=referral
Probey Services,250 - 999,"London, United Kingdom",https://probeyservices.com/?utm_source=Goodfirms&utm_medium=referral
Diffco,50 - 249,"San Jose, United States",https://diffco.us/page/ai/?utm_source=goodfirms&utm_medium=ai&utm_campaign=software_development
Geeks Ltd,50 - 249,"London, United Kingdom",https://www.geeks.ltd/services/software-development?utm_source=goodfirms&utm_medium=referral&utm_campaign=software-development
Innovacio Technologies,50 - 249,"Kolkata, India",https://www.innovaciotech.com/artificialIntelligence?utm_source=Goodfirms&utm_medium=referral
AppMakers USA,10 - 49,"Los Angeles, United States",https://appmakersla.com/contact-us/?utmsource=Goodfirms&utmmedium=referral
"SharpQuest, Inc.",10 - 49,"Windsor, Canada",https://www.sharpquest.com/software-development-company/?utm_source=Goodfirms&utm_medium=referral
Promatics Technologies,50 - 249,"Ludhiana, India",https://www.promaticsindia.com/?utm_source=Goodfirms&utm_medium=referral
Orient Software Development Corp.,250 - 999,"Singapore, Singapore",https://www.orientsoftware.com/?utm_source=Goodfirms&utm_medium=referral
Zoolatech,250 - 999,"Miami, United States",https://zoolatech.com/?utm_source=Goodfirms&utm_medium=referral
inVerita,50 - 249,"Medellin, Colombia",https://inveritasoft.com/industries/healthcare?utm_source=Goodfirms&utm_medium=referral
SPD Technology,250 - 999,"London, United Kingdom",https://spd.tech/?utm_source=Goodfirms&utm_medium=referral
Future Processing,250 - 999,"Gliwice, Poland",https://www.future-processing.com/services/software-development-services/software-development/?utm_source=goodfirms.co&utm_medium=referral&utm_campaign=pro_campaign
Ajackus,50 - 249,"Mumbai, India",https://www.ajackus.com/?utm_source=Goodfirms&utm_medium=referral&utm_campaign=directory
Itransition,250 - 999,"Lakewood, United States",https://www.itransition.com/?utm_source=goodfirms.co&utm_medium=referral&utm_campaign=software-development-companies
Leobit,50 - 249,"Lviv, Ukraine",https://leobit.com/?utm_source=goodfirms&utm_campaign=gf-sofware-dev
i-hiddentalent,10 - 49,"Sheridan, United States",https://i-hiddentalent.com/?utm_source=Goodfirms&utm_medium=referral
Innostax,50 - 249,"Framingham, United States",https://innostax.com/service/custom-software-development-services/?utm_source=Goodfirms&utm_medium=referral
Sketch Development Services,10 - 49,"Webster Groves, United States",https://www.sketchdev.io/?utm_source=Goodfirms&utm_medium=referral
Parallel Staff,50 - 249,"Dallas, United States",https://parallelstaff.com/?utm_source=Goodfirms&utm_medium=referral
TRIARE,50 - 249,"Fairfax, United States",https://triare.net/?utm_source=Goodfirms&utm_medium=referral
Warp Development,50 - 249,"Cape Town, South Africa",https://www.warpdevelopment.com/?utm_source=Goodfirms&utm_medium=referral
Offshorly Ltd,50 - 249,"Peterborough, United Kingdom",https://offshorly.com/goodfirms?utm_source=Goodfirms&utm_medium=referral
SimplyPHP,10 - 49,"Montreal, Canada",https://simplyphp.com/?utm_source=Goodfirms&utm_medium=referral
Scalo,250 - 999,"Wroclaw, Poland",https://www.scalosoft.com/?utm_source=Goodfirms&utm_medium=referral
imaga,10 - 49,"Dubai, UAE",https://imaga.ai/?utm_source=goodfirms.co&utm_medium=referral&utm_campaign=soft-dev
Findigo,10 - 49,"London, United Kingdom",https://www.findigo.io/services/mvp?utm_source=Goodfirms&utm_medium=referral
Gearheart,10 - 49,"Kyiv, Ukraine",https://gearheart.io/?utm_source=Goodfirms&utm_medium=referral
DreamzTech Solutions,50 - 249,"Las Vegas, United States",https://www.dreamztech.com/services/custom-software-development/?utm_source=Goodfirms&utm_medium=referral
UpCodo Digital,10 - 49,"Noida, India",https://upcodo.com/?utm_source=Goodfirms&utm_medium=referral
Zerone Consulting,50 - 249,"Kochi, India",http://www.zerone-consulting.com/?utm_source=Goodfirms&utm_medium=referral
Chudovo,50 - 249,"NYC, United States",https://chudovo.com/custom-software-development/?utm_source=Goodfirms&utm_medium=referral
Sidebench,50 - 249,"Los Angeles, United States",http://sidebench.com/?utm_source=Goodfirms&utm_medium=referral
Leanware,10 - 49,"Bogota, Colombia",https://www.leanware.co/
CSG Technosol Private Limited,50 - 249,"Noida, India",https://www.csgtech.in/
Taction Software,50 - 249,"Noida, India",https://www.tactionsoft.com/
Techlapse Private Limited,10 - 49,"Pune Cantonment, India",https://techlapse.co.in/
ServReality,50 - 249,"Kyiv, Ukraine",https://servreality.com/
Gecko Dynamics,10 - 49,"Krakow, Poland",https://geckodynamics.com/
Inventorsoft,50 - 249,"Chernivtsi, Ukraine",https://inventorsoft.co/?utm_source=goodfirms&utm_medium=referral&utm_campaign=it-services
Jellyfish.tech,10 - 49,"Kyiv, Ukraine",https://jellyfish.tech/
PowerGate Software,50 - 249,"Cau Giay, Vietnam",https://powergatesoftware.com/
Osiz Technologies P LTD,250 - 999,"Madurai, India",https://www.osiztechnologies.com/
Siddhi Infosoft,10 - 49,"Ahmedabad, India",https://www.siddhiinfosoft.com/
Mindfire Solutions,250 - 999,"Noida, India",http://www.mindfiresolutions.com/
Prabha Technologies Est,10 - 49,"Dubai, UAE",https://www.prabhatech.com/
FATbit Technologies,50 - 249,"Mohali, India",http://www.fatbit.com/
CodeLions Software,10 - 49,"Lviv, Ukraine",http://codelions.co/
KitelyTech,50 - 249,"Chicago, United States",http://kitelytech.com/
INEXTURE Solutions,50 - 249,"Ahmedabad, India",https://www.inexture.com/
People Apps Inc,50 - 249,"San Jose, Costa Rica",https://www.people-apps.com/
Visionify,10 - 49,"Westminster, United States",https://visionify.ai/
Caxsol Tech,50 - 249,"Ahmedabad, India",https://www.caxsol.com/
JetRuby Agency LTD.,50 - 249,"San Francisco, United States",https://www.jetruby.com/
Designli,50 - 249,"Greenville, United States",https://designli.co/
ZAAG SYSTEMS,10 - 49,"Dhaka, Bangladesh",https://zaagsys.com/
KEYSS Inc,10 - 49,"Kurukshetra, India",https://keyssinc.com/
Uran Company,50 - 249,"Sliven, Bulgaria",https://urancompany.com/contact-us
Talentica Software,250 - 999,"Pleasanton, United States",https://www.talentica.com/?utm_source=Goodfirms&utm_medium=listing&utm_campaign=Goodfirms&utm_term=profile
Goodface Agency,10 - 49,"Kyiv, Ukraine",https://goodface.agency/
Asabix,10 - 49,"Zhytomyr, Ukraine",https://asabix.com/
TechQware Technologies,250 - 999,"Noida, India",https://www.techqware.com/
Altar.io,10 - 49,"Lisbon, Portugal",https://altar.io/
datarockets,10 - 49,"Kitchener, Canada",https://datarockets.com/
Codelign,2 - 9,"Austin, United States",https://www.codelign.com/
ZepoteQ,10 - 49,"Ahmedabad, India",https://zepoteq.com/
Redwerk,50 - 249,"Kyiv, Ukraine",https://redwerk.com/?utm_source=goodfirms&utm_medium=referral
Mobcoder,50 - 249,"Noida, India",https://mobcoder.com/
Simpalm,10 - 49,"Rockville, United States",http://www.simpalm.com/
Simublade,50 - 249,"Noida, India",https://www.simublade.com/
Clover Dynamics,10 - 49,"Lviv, Ukraine",https://cloverdynamics.com/
Softnix,10 - 49,"Bangkok, Thailand",https://softnix.co/lp/
Radency,10 - 49,"Lviv, Ukraine",https://www.radency.com/
Dean Infotech Pvt Ltd,50 - 249,"Orlando, United States",https://www.deaninfotech.com/
Hashthink Technologies,10 - 49,"Toronto, Canada",https://hashthink.com/
AMELA Technology,250 - 999,"Hanoi, Vietnam",https://amela.tech/
Code&Care,50 - 249,"Austin, United States",https://code-care.com/
Softacom,50 - 249,"Bellevue, United States",https://www.softacom.com/technologies/net/
Iflexion,250 - 999,"Denver, United States",https://www.iflexion.com/
Digital Software Labs,50 - 249,"Jacksonville, United States",https://digitalsoftwarelabs.com/
It-Jim,10 - 49,"Kharkiv, Ukraine",https://www.it-jim.com/
"EitBiz - Software, Mobile & Web Development Company",50 - 249,"Delhi, India",https://www.eitbiz.com/
Simtech Development,50 - 249,"Tashkent, Uzbekistan",https://simtechdev.com/
IT CRAFT,250 - 999,"Berlin, Germany",https://itechcraft.com/?utm_source=goodfirms&utm_medium=directory&utm_campaign=itcraftmain
STS Software,250 - 999,"Reston, United States",https://stssoftware.com/
Brights,50 - 249,"Warsaw, Poland",https://brights.io/?utm_source=goodfirms&utm_medium=catalogs&utm_campaign=profile
TechAvidus,250 - 999,"Gandhinagar, India",https://www.techavidus.com/
Helpful Insight Pvt. Ltd.,50 - 249,"Jaipur, India",https://www.helpfulinsightsolution.com/
iCoderz Solutions Pvt. Ltd.,50 - 249,"Ahmedabad, India",http://icoderzsolutions.com/
Deliverydevs,50 - 249,"Karachi, Pakistan",https://deliverydevs.com/
Powercode,10 - 49,"Kyiv, Ukraine",https://powercode.co.uk/
Software Alliance,50 - 249,"Lahore, Pakistan",https://www.softwarealliance.io/
smartData Enterprises,250 - 999,"Sydney, Australia",https://www.smartdatainc.com/
Qualhon Informatics Pvt. Ltd.,50 - 249,"Mohali, India",https://qualhon.com/?utm_source=goodfirms&utm_medium=organic
Prilient Technology,10 - 49,"Jaipur, India",https://prilient.com/
CMSMART,50 - 249,"Hanoi, Vietnam",https://cmsmart.net/
Blackthorn Vision,50 - 249,"Lviv, Ukraine",http://blackthorn-vision.com/
Cortance,10 - 49,"Tallinn, Estonia",https://cortance.com/
Simform,250 - 999,"Ahmedabad, India",https://www.simform.com/?utm_source=goodfirms&utm_medium=profile&utm_campaign=gf-profile
NMG Technologies,50 - 249,"Gurgaon, India",https://growth.nmgtechnologies.com/goodfirms/mobile-application-development
Mobilunity,50 - 249,"Kyiv, Ukraine",https://mobilunity.com/
Bitdeal,50 - 249,"Madurai, India",https://www.bitdeal.net/
GOPHERS LAB,50 - 249,"Chicago, United States",http://gopherslab.com/
Delostyle Studio Pvt. Ltd,10 - 49,"Kolkata, India",https://www.delostylestudio.com/
LBM Solutions,50 - 249,"Mohali, India",https://www.lbmsolution.com/
Geniusee,250 - 999,"Middletown, United States",https://geniusee.com/?utm_source=Goodfirms&utm_medium=referral&utm_campaign=Main_Page
Yellow,50 - 249,"San Francisco, United States",https://yellow.systems/
Fulcrum,50 - 249,"Kyiv, Ukraine",https://fulcrum.rocks/
Sabir.dev,2 - 9,"Lisbon, Portugal",https://sabir.dev/
KODA Kollectiv,10 - 49,"Cebu City, Philippines",https://www.kodakollectiv.com/
Impala Intech Limited,10 - 49,"Dhaka, Bangladesh",https://impalaintech.com/
Agile Infoways LLC,250 - 999,"Ahmedabad, India",http://www.agileinfoways.com/
The NineHertz,250 - 999,"Jaipur, India",https://theninehertz.com/
Keen Solution,50 - 249,"Mumbai, India",http://www.keensolution.in/
Zapbuild,250 - 999,"Mohali, India",https://www.zapbuild.com/
Shaligram Infotech,50 - 249,"Ahmedabad, India",http://www.shaligraminfotech.com/
Rushkar,10 - 49,"Ahmedabad, India",https://rushkar.com/
Hanabi Technologies,2 - 9,"Bengaluru, India",https://hanabitech.com/?utm_source=goodfirms&utm_medium=referral
Canary Software,10 - 49,"Hanoi, Vietnam",http://canary-software.com/
Infowind Technologies,50 - 249,"Indore, India",https://www.infowindtech.com/
Innoventixsolutions,10 - 49,"Ahmedabad, India",https://innoventixsolutions.com/
Classic Informatics,50 - 249,"London, United Kingdom",http://www.classicinformatics.com/
Kellton,"1,000 - 9,999","Plano, United States",https://www.kellton.com/
ALLSTARSIT,"1,000 - 9,999","San Francisco, United States",https://www.allstarsit.com/
Halo Lab,50 - 249,"Dubai, UAE",https://www.halo-lab.com/
Synetal Solutions Pvt Ltd,10 - 49,"Indore, India",https://www.synetalsolutions.com/
Bluelight,10 - 49,"Sacramento, United States",https://bluelight.co/
Afrisyntech Solutions,10 - 49,"Nairobi, Kenya",https://www.afrisyntech.com/
AwsQuality,10 - 49,"Noida, India",https://www.awsquality.com/
Out Of The Box Systems,10 - 49,"London, United Kingdom",https://www.obox.systems/
Kryptoninc,10 - 49,"Ahmedabad, India",http://kryptoninc.co/
Anadea,50 - 249,"Alacant, Spain",https://anadea.info/services/consulting-and-audit
Talosmart,50 - 249,"Lagos, Nigeria",https://www.talosmart.com/
ICUBE TECHNOLABS,10 - 49,"Ahmedabad, India",https://icubetechnolabs.com/
KiwiTech,250 - 999,"Noida, India",https://www.kiwitech.com/web3-center-of-excellence?utm_source=goodfirms&utm_medium=referral&utm_campaign=ttw
SoloWay Technologies,50 - 249,"Ivano-Frankivsk, Ukraine",https://soloway.tech/
Profil Software,50 - 249,"Gdynia, Poland",https://profil-software.com/
4i Tech,10 - 49,"Taipei City, Taiwan",https://4itech.io/
Attract Group,50 - 249,"Amsterdam, Netherlands",https://attractgroup.com/
NEC Corporation India,"1,000 - 9,999","Noida, India",https://in.nec.com/
KrishaWeb,50 - 249,"Loveland, United States",https://www.krishaweb.com/?utm_source=goodfirms.co&utm_medium=referral&utm_campaign=goodfirm_webdesign
eBizneeds Business Solution Pvt. Ltd.,50 - 249,"Clifton Springs, Australia",https://www.ebizneeds.com/digital-wallet-app-development
Purgesoft,10 - 49,"Jaipur, India",http://www.purgesoft.com/
Gaurish Technologies Pvt. Ltd.,50 - 249,"Dover, United States",https://gtechinnovations.com/
Celadonsoft,50 - 249,"Warsaw, Poland",https://celadonsoft.com/
Volo,250 - 999,"Yerevan, Armenia",https://www.volo.global/
Nefter,10 - 49,"San Diego, United States",https://nefter.com/
Anuitex,50 - 249,"London, United Kingdom",https://anuitex.com/
TechRivo,10 - 49,"Lisbon, Portugal",https://techrivo.com/
Alphonic Network Solutions Pvt. Ltd.,50 - 249,"Jaipur, India",https://www.alphonic.in/?utm_source=goodfirms.co&utm_medium=referral
molfar.io,10 - 49,"Dnipro, Ukraine",https://www.molfar.io/
Aryavrat Infotech Inc.,50 - 249,"Jaipur, India",https://www.aryausa.com/
OweBest Technologies,50 - 249,"Jaipur, India",http://www.owebest.com/
WEB CHOICE,10 - 49,"Somerset, United Kingdom",https://webdesignchoice.co.uk/
AMgrade,10 - 49,"Prague, Czech Republic",https://amgrade.com/
Xynnity,10 - 49,"Ahmedabad, India",https://www.xynnity.com/
Forte Group,250 - 999,"Boca Raton, United States",http://fortegrp.com/
Xillentech,10 - 49,"Ahmedabad, India",https://xillentech.com/
PhdTech Software,10 - 49,"Udaipur, India",https://phdtech.net/
SOLTECH,50 - 249,"Atlanta, United States",http://soltech.net/
sophilabs,10 - 49,"Montevideo, Uruguay",https://sophilabs.co/
Clavax Technologies LLC,50 - 249,"San Jose, United States",http://www.clavax.com/
Kodevent,50 - 249,"Sheridan, United States",https://kodevent.com/
Maxilect,50 - 249,"Saint Petersburg, Russia",https://maxilect.com/
Dev Technosys LLC,50 - 249,"Jaipur, India",http://www.devtechnosys.com/
iTreeni Technolabs,10 - 49,"Willetton, Australia",http://www.itreeni.com/
Creuto,10 - 49,"Bhubaneswar, India",https://creuto.com/
Hola Tech,10 - 49,"Cau Giay, Vietnam",https://hola.tech/
TechTIQ Solutions,250 - 999,"Singapore, Singapore",https://techtiqsolutions.com/
Settings Infotech,10 - 49,"Surat, India",https://settingsinfotech.com/
PURRWEB,10 - 49,"Ras Al Khaimah, UAE",https://purrweb.com/?utm_source=goodfirms
Alpha Cogs LTD,2 - 9,"London, United Kingdom",https://alphacogs.com/
Everest DG,"1,000 - 9,999","Dubai, UAE",https://everestdg.com/
Varcaz,2 - 9,"Rawalpindi, Pakistan",https://www.varcaz.com/
Keyideas Infotech Private Limited,50 - 249,"Daytona Beach, United States",https://www.keyideasinfotech.com/
Appentus Technologies,50 - 249,"Jaipur, India",https://www.appentus.com/
Keep Calm Labs,2 - 9,"London, United Kingdom",https://keepcalmlabs.com/
MCRO,50 - 249,"Cluj-Napoca, Romania",https://mcro.tech/
EvaCodes,50 - 249,"Warsaw, Poland",https://evacodes.com/
The One Technologies,50 - 249,"Ahmedabad, India",https://theonetechnologies.com/
InfinityBits,10 - 49,"Islamabad, Pakistan",https://www.infinitybits.net/
i-Verve Inc,50 - 249,"Ahmedabad, India",https://i-verve.com/
ITA Labs,10 - 49,"Moscow, Russia",https://www.ita-labs.com/?utm_source=Goodfirms&utm_campaign=BusinessDirectory
Seasia Infotech,250 - 999,"Chandigarh, India",https://www.seasiainfotech.com/
Neoverce IT Solutions LLP,10 - 49,"Surat, India",https://neoverce.com/
Linnify,10 - 49,"Cluj-Napoca, Romania",https://linnify.com/
Silicon IT Hub,50 - 249,"Ahmedabad, India",https://www.siliconithub.com/
Enlab Software,50 - 249,"Da Nang, Vietnam",https://enlabsoftware.com/
VIT,250 - 999,"Bengaluru, India",http://www.vitinfotech.com/
ORIL,50 - 249,"Miami, United States",https://www.oril.co/
MakeWebBetter,250 - 999,"Portland, United States",https://makewebbetter.com/
ND LABS,10 - 49,"Warsaw, Poland",https://ndlabs.dev/
Pixel Values Technolabs,10 - 49,"Nagpur, India",https://www.pixelvalues.com/
LogicSpice Consultancy Private Limited,50 - 249,"Jaipur, India",https://www.logicspice.com/
Atta Systems,10 - 49,"Singapore, Singapore",https://atta.systems/
AppSquadz Software Private Limited,250 - 999,"Noida, India",https://www.appsquadz.com/
WebClues Infotech,50 - 249,"Ahmedabad, India",http://www.webcluesinfotech.com/
Kilowott,50 - 249,"Sandnes, Norway",https://kilowott.com/
Ahex Technologies Pvt. Ltd.,50 - 249,"Hyderabad, India",http://ahex.co/
SEEDIUM,10 - 49,"Tallinn, Estonia",https://seedium.io/
Wednesday Solutions,50 - 249,"Pune, India",https://www.wednesday.is/contact-us/goodfirms
Yugasa Software Labs Private Limited,50 - 249,"Gurgaon, India",http://www.yugasa.com/
Saritasa,50 - 249,"Irvine, United States",https://www.saritasa.com/
RisingMax Inc,50 - 249,"NYC, United States",https://risingmax.com/
Silicon ICT Solutions,10 - 49,"Dubai, UAE",https://siliconictsolutions.ae/
Digital Mesh,50 - 249,"Kochi, India",https://www.digitalmesh.com/
"Goldfish Code, Inc",50 - 249,"NYC, United States",http://www.goldfishcode.com/
Software Development Hub,50 - 249,"Kharkiv, Ukraine",https://sdh.global/
ITDelight,50 - 249,"Saint Petersburg, United States",http://itdelight.com/
Fingent,250 - 999,"Kochi, India",https://www.fingent.com/
OpenGeeksLab,50 - 249,"Stockholm, Sweden",https://opengeekslab.com/
Huspi,10 - 49,"Glogow Malopolski, Poland",https://huspi.com/
ownAI Solutions,10 - 49,"Rajkot, India",http://www.ownai.net/
StartxLabs Technologies Private Limited,50 - 249,"Gurgaon, India",https://startxlabs.com/
Groksmith,10 - 49,"Yerevan, Armenia",https://groksmith.co/
Codeflash Infotech,10 - 49,"Ahmedabad, India",https://codeflashinfotech.com/?utm_source=goodfirms
Trango Tech,250 - 999,"Karachi, Pakistan",https://application.trangotech.com/
InvoZone,250 - 999,"Pembroke Pines, United States",https://invozone.com/
LansoftDev,50 - 249,"Gdansk, Poland",https://lansoftdev.com/
Sitka Ai Technologies LLC,50 - 249,"Frisco, United States",https://sitka.ai/
Five Jars,10 - 49,"Arlington, United States",https://fivejars.com/directories
it-solve s.c.,10 - 49,"Czestochowa, Poland",http://it-solve.pl/?lang=en
Farnex,50 - 249,"Dhaka, Bangladesh",https://farnex.net/
Agnito Technologies Pvt Ltd,50 - 249,"Bhopal, India",https://agnitotechnologies.com/
The Techno Studio,10 - 49,"London, United Kingdom",https://thetechnostudiouk.com/
Incora,50 - 249,"Lviv, Ukraine",https://incora.software/
TechScooper,10 - 49,"Kolkata, India",https://www.techscooper.com/
BEETSOFT,250 - 999,"Hanoi, Vietnam",https://beetsoft.com.vn/
Techieonix International,2 - 9,"Karachi, Pakistan",https://www.techieonix.io/
Infostork Technolabs,10 - 49,"Ahmedabad, India",https://infostork.com/
Depex Technologies,50 - 249,"Noida, India",https://www.depextechnologies.com/
Silicon Signals Pvt. Ltd.,50 - 249,"Ahmedabad, India",https://siliconsignals.io/
Oddeven Infotech Pvt Ltd,2 - 9,"Gandhinagar, India",http://www.oddeveninfotech.com/
Radity GmbH,10 - 49,"Zurich, Switzerland",https://radity.com/
QTeam Software Solutions,10 - 49,"Bucharest, Romania",https://qteam.solutions/
FABA Technology,10 - 49,"Ho Chi Minh City, Vietnam",http://fabatechnology.com/
Epnovate Technology Pvt. Ltd.,10 - 49,"Ahmedabad, India",https://epnovate.com/
Managed Code,10 - 49,"Pau, France",https://www.managed-code.com/
New Line Technologies,50 - 249,"Levski, Bulgaria",https://newline.tech/?utm_source=goodfirms.co&utm_medium=referral
Vidhema Technologies Pte Ltd,50 - 249,"Jaipur, India",https://www.vidhema.com/
Xanthus Innovations,10 - 49,"Mumbai, India",http://www.xanthus.in/
Golden Eagle IT Technologies,50 - 249,"Indore, India",https://goldeneagle.ai/
Netmaxims Technologies Private Limited,10 - 49,"Faridabad, India",https://www.netmaxims.com/
Sphinx Solutions,50 - 249,"Pune, India",https://www.sphinx-solution.com/
Consider IT Done Technologies,50 - 249,"Northbrook, United States",https://www.consideritdone.tech/
JetUp Digital,10 - 49,"Khmel'nyts'kyy, Ukraine",https://jetup.digital/
Fusionbox,10 - 49,"Denver, United States",https://www.fusionbox.com/
eLuminous Technologies Pvt Ltd,50 - 249,"Nashik, India",https://eluminoustechnologies.com/
Parangat Technologies,50 - 249,"Noida, India",https://www.parangat.com/?utm_source=Goodfirms&utm_medium=referral
PT IDstar Cipta Teknologi,250 - 999,"Jakarta, Indonesia",https://www.idstar.co.id/
Droid technologies LLC,50 - 249,"Kyiv, Ukraine",http://droid-technologies.com/
TPIsoftware,250 - 999,"Taipei City, Taiwan",https://www.tpisoftware.com/en/
Aspire Software Consultancy,50 - 249,"Bengaluru, India",https://aspiresoftwareconsultancy.com/
Devox Software,50 - 249,"Miami, United States",https://devoxsoftware.com/
WTT Solutions,10 - 49,"Kyiv, Ukraine",https://wtt-solutions.com/
Omninos solutions,10 - 49,"Mohali, India",https://omninos.com/
Roweb Development,50 - 249,"Bucharest, Romania",https://www.roweb.ro/
Riseup Labs,50 - 249,"Dhaka, Bangladesh",http://www.riseuplabs.com/
Digitilize Web,10 - 49,"Prestwich, United Kingdom",https://www.digitilizeweb.com/
PiZone Infotech Solution Private Limited,50 - 249,"Sriganganagar, India",https://pizoneinfotech.com/
Nasnix Pvt Ltd,50 - 249,"London, United Kingdom",http://nasnix.com/
InfoRox,10 - 49,"Birmingham, United Kingdom",https://www.inforox.com/
Travancore Analytics,50 - 249,"Tracy, United States",https://www.travancoreanalytics.com/
DigitalSuits,50 - 249,"Miami, United States",https://digitalsuits.co/
STX Next,250 - 999,"Poznan, Poland",https://stxnext.com/contact-us/
QArea Inc.,250 - 999,"Gzira, Malta",https://qarea.com/?utm_source=goodfirms.co&utm_medium=directory
Unicrew,50 - 249,"Lviv, Ukraine",https://unicrew.com/
Fayrix,"1,000 - 9,999","Ra'anana, Israel",http://fayrix.com/?utm_source=goodfirms
Perspecta Ltd.,10 - 49,"Sofia, Bulgaria",https://perspecta-soft.com/
Axmit,10 - 49,"Tallinn, Estonia",https://axmit.com/
Intspirit,10 - 49,"Yerevan, Armenia",http://intspirit.com/
Rudra Innovative Software,50 - 249,"Mohali, India",https://www.rudrainnovative.com/custom-software-development/
Build Me App,10 - 49,"Toronto, Canada",https://buildmeapp.io/
Sombra,250 - 999,"Lviv, Ukraine",https://sombrainc.com/
12 Adaptive Marketing,10 - 49,"Dallas, United States",https://www.12amagency.com/
Technobrains Business Solutions LLP,50 - 249,"Ahmedabad, India",https://technobrains.io/
DevsData Tech Talent LLC,50 - 249,"Warsaw, Poland",https://devsdata.com/
GenXAI SoftGrid Pvt. Ltd.,50 - 249,"Indore, India",https://www.softgridcomputers.com/
Netro Systems Limited,10 - 49,"Glasgow, United Kingdom",https://netrosystems.com/
Zco Corporation,250 - 999,"Nashua, United States",http://www.zco.com/
Raindrops InfoTech,10 - 49,"Ahmedabad, India",https://www.raindropsinfotech.com/
Esferasoft Solutions Pvt. Ltd.,50 - 249,"Mohali, India",http://www.esferasoft.com/
Idealogic,50 - 249,"Tallinn, Estonia",https://www.idealogic.io/
White Label Fox,10 - 49,"Rajkot, India",https://whitelabelfox.com/
Mantreza Technologies Private Limited,50 - 249,"Noida, India",http://www.mantreza.com/
Dev Centre House,50 - 249,"Dublin, Ireland",https://www.devcentrehouse.eu/
Softellar,10 - 49,"Warsaw, Poland",https://softellar.com/
CMARIX,50 - 249,"Ahmedabad, India",https://www.cmarix.com/
AdaptNXT Technology Solutions,10 - 49,"Bengaluru, India",https://adaptnxt.com/
Dashbouquet Development,50 - 249,"Tallinn, Estonia",http://www.dashbouquet.com/
CitrusLeaf Software,10 - 49,"Indore, India",https://citrusleaf.in/
Xicom,50 - 249,"Delhi, India",http://www.xicom.biz/
APPVALES,10 - 49,"Kyiv, Ukraine",https://appvales.com/
Intermedia,10 - 49,"Buenos Aires, Argentina",http://intermediait.com/
Erudite Works Private Limited,10 - 49,"Navsari, India",http://eruditeworks.com/
UST,50 - 249,"Kyiv, Ukraine",https://www.ust.com/
247 Labs,50 - 249,"Toronto, Canada",https://247labs.com/
SumatoSoft,50 - 249,"Boston, United States",https://sumatosoft.com/
Beetroot AB,250 - 999,"Stockholm, Sweden",https://beetroot.co/
Softteam,50 - 249,"Tallinn, Estonia",https://softteam.io/
Techwink Services,10 - 49,"Chandigarh, India",https://techwink.net/
Peerbits,50 - 249,"Ahmedabad, India",http://www.peerbits.com/
Sigma Software Group,"1,000 - 9,999","Lviv, Ukraine",http://sigma.software/
Swap Infotech,50 - 249,"Indore, India",http://swapinfotech.com/
Dot Com Infoway,50 - 249,"Madurai, India",https://www.dotcominfoway.com/internet-marketing/?utm_source=Goodfirms&utm_medium=Sponsorship&utm_campaign=DigitalMarketing
Immence,10 - 49,"Vadodara, India",https://immence.com/
Praxent,50 - 249,"Austin, United States",https://praxent.com/
Aspire SoftServ Private Limited,50 - 249,"Dover, United States",https://www.aspiresoftserv.com/
League Design Agency,50 - 249,"Kyiv, Ukraine",https://league.design/?utm_source=goodfirms.com&utm_medium=referral&utm_campaign=profile
Cyfrania,10 - 49,"Saint Petersburg, United States",https://cyfrania.com/
KVY TECH CO LTD,10 - 49,"Ho Chi Minh City, Vietnam",https://kvytechnology.com/
Bit Guardian GmbH,50 - 249,"Grafelfing, Germany",https://www.bit-guardian.com/
Tech FusionEra,2 - 9,"Indore, India",https://www.techfusionera.com/
Funnel Boost Media,10 - 49,"San Antonio, United States",https://www.funnelboostmedia.net/goodfirms/?utm_source=goodfirms&utm_medium=referral&utm_campaign=profile
Wolfpack Digital,50 - 249,"Cluj-Napoca, Romania",https://www.wolfpack-digital.com/?utm_source=goodfirms
CodesOrbit PVT LTD,50 - 249,"Islamabad, Pakistan",https://codesorbit.com/
TechAhead,50 - 249,"Noida, India",http://www.techaheadcorp.com/
Telexar,10 - 49,"Colombo, Sri Lanka",https://www.telexarsoftware.com/
Appeak Technologies LLP,10 - 49,"Ahmedabad, India",https://appeaktech.com/
Linea Digitech,50 - 249,"Delhi, India",https://lineadigitech.com/
Outsourcify,10 - 49,"Bangkok, Thailand",https://outsourcify.net/
Tech Formation,10 - 49,"Ludhiana, India",http://www.techformation.co.in/
Novalab Tech,50 - 249,"Tashkent, Uzbekistan",https://novalabtech.com/
Ficode,50 - 249,"Birmingham, United Kingdom",https://www.ficode.com/
Warlock Technologies Pvt Ltd,2 - 9,"Gandhinagar, India",https://www.warlocktechnologies.com/
Labrys,10 - 49,"Brisbane, Australia",https://labrys.io/
Sataware,50 - 249,"Woodbury, United States",http://www.sataware.com/
Beyond Key,250 - 999,"Indore, India",http://www.beyondkey.com/
VentureDevs,50 - 249,"Los Angeles, United States",https://venturedevs.com/
Ficus Technologies,50 - 249,"Lviv, Ukraine",https://ficustechnologies.com/
Sensussoft Software Pvt.Ltd,10 - 49,"Surat, India",https://sensussoft.com/
Hashe Computer Solutions,10 - 49,"Lahore, Pakistan",https://www.hashe.com/
Fourmeta,50 - 249,"London, United Kingdom",https://www.fourmeta.co.uk/
Techdots,10 - 49,"Casper, United States",https://techdots.dev/
Code Calibre,50 - 249,"Noida, India",https://codecalibre.com/
Systweak Software,250 - 999,"Jaipur, India",https://www.systweak.com/about-systweak
N-iX,"1,000 - 9,999","Valletta, Malta",https://www.n-ix.com/
DBB Software,50 - 249,"Krakow, Poland",https://dbbsoftware.com/
Digiryte,50 - 249,"Salford, United Kingdom",https://digiryte.com/
PineDev Studio,10 - 49,"Kharkiv, Ukraine",https://pinedev.studio/
Visla,10 - 49,"Warsaw, Poland",http://www.visla.co/
"Codebridge Technology, Inc.",10 - 49,"Kyiv, Ukraine",https://codebridge.tech/
Improveit Solutions,50 - 249,"Warsaw, Poland",https://improveit.solutions/
Encanto Technologies,10 - 49,"Indore, India",https://encantotek.com/
WebInfoMart,10 - 49,"Gurgaon, India",http://webinfomart.com/
SpaceBus,10 - 49,"Dnipro, Ukraine",https://spacebus.dev/
Altamira,50 - 249,"Bratislava, Slovakia",https://altamira.ai/
ECA Tech Inc.,10 - 49,"Toronto, Canada",https://www.ecatechnologies.com/
Exavibes Services Private Limited,10 - 49,"Mumbai, India",https://www.exavibes.com/
Xiztdevops,50 - 249,"Astana, Kazakhstan",https://www.xiztdevops.com/
Broscorp,10 - 49,"Dnipro, Ukraine",http://broscorp.net/
CactusSoft,50 - 249,"Ghent, Belgium",https://cactussoft.biz/
Ardas,50 - 249,"Irvine, United States",https://ardas-it.com/
IdeaSoft.io,50 - 249,"Lviv, Ukraine",https://ideasoft.io/
WEB-RECRUITERS,10 - 49,"Kyiv, Ukraine",https://web-recruiters.com/
zen8labs,50 - 249,"Hanoi, Vietnam",https://www.zen8labs.com/
Magicmind Technologies Limited,50 - 249,"Sunnyvale, United States",https://www.magicminds.io/?utm_source=goodfirms&utm_medium=organic&utm_campaign=b2bprofile
DataArt,"1,000 - 9,999","NYC, United States",https://www.dataart.com/
Xoance Software & Services,10 - 49,"Fresno, United States",https://www.xoance.com/
Naveck Technologies,10 - 49,"NYC, United States",https://www.naveck.com/
MWDN Ltd.,50 - 249,"London, United Kingdom",https://mwdn.com/
Steady Rabbit Technology Pvt Ltd,10 - 49,"Ghaziabad, India",https://steadyrabbit.in/android-custom-application-development/
Orion InfoSolutions,50 - 249,"Jaipur, India",https://www.orioninfosolutions.com/
Slash,50 - 249,"Denpasar, Indonesia",https://slash.co/
Fora Soft,50 - 249,"Ajman, UAE",https://forasoft.com/
RubyGarage,50 - 249,"Dnipro, Ukraine",https://rubygarage.org/
Arixess,10 - 49,"Vinnytsya, Ukraine",https://arixess.com/
Lynksen,10 - 49,"Tallinn, Estonia",https://www.lynksen.com/
Crunch-IS,50 - 249,"Lviv, Ukraine",https://crunch-is.com/
Techno Exponent,250 - 999,"Miami, United States",https://www.technoexponent.com/
Artjoker Software Development Company,50 - 249,"Katy, United States",https://artjoker.net/
Hashtrust Technologies,10 - 49,"Delhi, India",https://hashtrust.in/
Mantthan Web Solutions LLP,2 - 9,"Delhi, India",http://www.mantthan.com/
Bridgenext Technologies LLC,2 - 9,"Grapevine, United States",https://www.bridgenext.io/
ROBOTRONIX ENGINEERING TECH PVT.LTD.,10 - 49,"Indore, India",https://robotronix.co.in/
Ontoborn Technologies LLC,2 - 9,"Bengaluru, India",https://ontoborn.com/
Avivi,10 - 49,"Khmel'nyts'kyy, Ukraine",https://avivi.pro/
Nimap Infotech,250 - 999,"Mumbai, India",http://nimapinfotech.com/
ITIO INNOVEX PVT. LTD.,2 - 9,"Ghaziabad, India",https://itio.in/
GKMIT Pvt Ltd,10 - 49,"Udaipur, India",https://www.gkmit.co/
Syberry Corporation,250 - 999,"Austin, United States",https://www.syberry.com/
Azul Arc,10 - 49,"Atlanta, United States",https://azularc.com/
impltech,50 - 249,"Berlin, Germany",https://impltech.de/
Bitbean,50 - 249,"Jersey City, United States",http://bitbean.com/
BrainMobi,50 - 249,"Noida, India",http://www.brainmobi.com/
Swift ProSys Pvt Ltd,10 - 49,"Chennai, India",https://www.swiftprosys.com/
Index.dev,50 - 249,"London, United Kingdom",https://www.index.dev/
Codment,50 - 249,"NYC, United States",https://codment.com/
Seven Dynamic,50 - 249,"Cairo, Egypt",https://sevendynamic.com/
BVP Software,10 - 49,"Warsaw, Poland",https://bvpsoftware.com/
Sinergia Labs,50 - 249,"Kochi, India",http://simelabs.com/
Deventure,10 - 49,"Timisoara, Romania",http://www.deventure.co/
Byteridge,50 - 249,"Hyderabad, India",http://byteridge.com/
WeblineIndia,50 - 249,"Ahmedabad, India",https://www.weblineindia.com/
Variance InfoTech Pvt Ltd,50 - 249,"Ahmedabad, India",https://www.varianceinfotech.com/
Dengo Systems,10 - 49,"Wroclaw, Poland",https://www.dengo-systems.com/
"Macromodule Technologies, LLC",10 - 49,"Miami, United States",https://macromodule.com/
dotcode,10 - 49,"Lviv, Ukraine",https://dotcode.pro/
Bestarion,50 - 249,"Ho Chi Minh City, Vietnam",https://bestarion.com/
"Finoit Technologies, Inc",50 - 249,"Noida, India",https://www.finoit.com/?utm_source=goodfirms.co
HYFATech,10 - 49,"Lahore, Pakistan",https://www.hyfatech.com/
OyeCommerz,10 - 49,"Bhopal, India",https://oyecommerz.com/
EVNE Developers,50 - 249,"Tallinn, Estonia",https://evnedev.com/
Maple Software Creation Company,2 - 9,"Butterworth, Malaysia",https://www.maplecreation.com/index.php
Netbase JSC,50 - 249,"Hanoi, Vietnam",https://netbasejsc.com/
LeverX,"1,000 - 9,999","Miami, United States",https://leverx.com/?utm_source=goodfirms.com&utm_medium=referral&utm_campaign=leverxmain&utm_content=logo
LinxHQ Pte Ltd,10 - 49,"Hanoi, Vietnam",http://www.linxhq.com/
InnoApps Technologies Pvt. Ltd,50 - 249,"Noida, India",https://www.innoappstech.com/
Devout Tech Consultants,10 - 49,"Mohali, India",https://devouttechconsultants.com/
AIVEDA,50 - 249,"Delhi, India",https://aiveda.io/
Ortem Technologies LLC,50 - 249,"Lewes, United States",https://ortemtech.com/
Rishabh Software,250 - 999,"Vadodara, India",https://www.rishabhsoft.com/
Visartech Inc.,50 - 249,"Orlando, United States",https://www.visartech.com/
HashCash Consultants,50 - 249,"Palo Alto, United States",https://www.hashcashconsultants.com/
Zealsoft Systems Private Limited,10 - 49,"Mohali, India",https://zealsoftsystems.com/
CODEMELT,10 - 49,"Bucharest, Romania",https://codemelt.com/
Amap Infotech,2 - 9,"Mohali, India",https://amapinfotech.com/
Avaib,10 - 49,"Karachi, Pakistan",http://www.avaib.com/
Foreignerds INC.,50 - 249,"Newark, United States",https://foreignerds.com/
Webcore Digitals,10 - 49,"NYC, United States",https://webcoredigitals.com/
Phaedra Solutions,50 - 249,"Dubai, UAE",https://www.phaedrasolutions.com/
Matellio Inc,50 - 249,"San Jose, United States",https://www.matellio.com/
Upstack Studio,10 - 49,"Kuala Lumpur, Malaysia",https://upstackstudio.com/?utm_source=goodfirms.co&utm_medium=referral&utm_campaign=directory
Innofied Solution,50 - 249,"Kolkata, India",https://www.innofied.com/
Coditi Labs Private Limited,10 - 49,"Mohali, India",https://coditi.com/
FACTS Computer Software House LLC,50 - 249,"Dubai, UAE",http://www.facts.ae/
Proudcloud,10 - 49,"Manila, Philippines",http://www.proudcloud.io/
ICTS Custom Software,10 - 49,"Hanoi, Vietnam",https://icts.io/
Sirin Software,50 - 249,"Kyiv, Ukraine",https://sirinsoftware.com/
Vention,"1,000 - 9,999","NYC, United States",https://ventionteams.com/
CSHARK,250 - 999,"Wroclaw, Poland",https://cshark.com/?utm_source=Goodfirms
NIX,"1,000 - 9,999","Tampa, United States",https://nix-united.com/?utm_source=goodfirms.co&utm_medium=referral
RocketBuild,10 - 49,"Indianapolis, United States",https://rocketbuild.com/
Appello Software,50 - 249,"Sydney, Australia",https://www.appello.com.au/
Ultrashield Technology (AI Development),50 - 249,"Noida, India",https://www.ultrashieldtechnology.com/
TekRevol,250 - 999,"Houston, United States",http://www.tekrevol.com/
Euphoric Thought Technologies,50 - 249,"Bengaluru, India",http://www.euphoricthought.com/
Ronas IT,50 - 249,"Tallinn, Estonia",https://ronasit.com/?utm_source=goodfirms&utm_medium=referral&utm_campaign=directory
Techbit Solution Pvt ltd,50 - 249,"Mohali, India",http://www.techbitsolution.com/
Mobirevo,50 - 249,"Wilmington, United States",https://mobirevo.com/
axiusSoftware,50 - 249,"Kolkata, India",http://www.axiussoftware.com/
Icreativez Technologies,10 - 49,"Karachi, Pakistan",https://www.icreativez.com/
OrangeSkill Technologies Pvt. Ltd.,10 - 49,"Gurgaon, India",https://www.orangeskill.com/
V2STech Solutions Private Limited,50 - 249,"Thane, India",https://v2stech.com/
Slingshot,10 - 49,"Louisville, United States",https://www.yslingshot.com/
HT Visions,10 - 49,"Houston, United States",https://htvisions.com/
Alian Software,50 - 249,"Anand, India",https://aliansoftware.com/
Graphiters,10 - 49,"Islamabad, Pakistan",http://graphiters.com/
Cogniteq,50 - 249,"Zabki, Poland",http://www.cogniteq.com/?utm_source=goodfirms&utm_medium=mobile&utm_campaign=directory
DIGIEGGS LTD,10 - 49,"Izmir, Turkey",https://www.digieggs.com/
Fusion Informatics Limited,50 - 249,"Ahmedabad, India",https://www.fusioninformatics.com/
Triazine Software Pvt. Ltd.,50 - 249,"Noida, India",http://www.triazinesoft.com/
Ultimate Systems,2 - 9,"Krakow, Poland",http://www.ultimate.systems/
MindStudios,50 - 249,"Fairfax, United States",https://themindstudios.com/
XCode Web Solutions,10 - 49,"Ahmedabad, India",https://www.xcodewebsolutions.com/
Techies App Technologies Sdn Bhd,10 - 49,"Petaling Jaya, Malaysia",https://www.techies.app/
Ascomp Technologies,10 - 49,"Delhi, India",https://www.ascomp.in/
This is Software LTD,10 - 49,"Harpenden, United Kingdom",https://www.thisissoftware.ai/
CodesClue Technologies,10 - 49,"Ahmedabad, India",https://codesclue.com/
UniQual iTech,10 - 49,"Surat, India",https://uniqualitech.com/
Intobi,50 - 249,"Kyiv, Ukraine",https://intobi.com/
Evercode Lab,10 - 49,"Larnaca, Cyprus",https://evercodelab.com/
LaSiv Technologies,2 - 9,"Chennai, India",https://www.lasivtech.com/
IPH Technologies Pvt Ltd,50 - 249,"Lucknow, India",https://iphtechnologies.com/?utm_source=b2b&utm_medium=goodfi
Cheesecake Labs,50 - 249,"Florianopolis, Brazil",https://cheesecakelabs.com/
Andromeda Web Solutions & Services,10 - 49,"Riga, Latvia",https://andromeda-web.site/
Vinfotech,50 - 249,"Indore, India",http://www.vinfotech.com/
CO-WELL Asia,250 - 999,"Hanoi, Vietnam",https://www.co-well.vn/en/
Athos technologies,10 - 49,"Delhi, India",https://athostechnologies.in/
Bytes Technolab Inc.,50 - 249,"Ahmedabad, India",https://www.bytestechnolab.com/
2muchcoffee,10 - 49,"Kyiv, Ukraine",https://2muchcoffee.com/
World Web Technology Pvt. Ltd.,50 - 249,"Ahmedabad, India",https://www.worldwebtechnology.com/
JustCoded,50 - 249,"Kharkiv, Ukraine",https://justcoded.com/
Five Systems Development,50 - 249,"Vinnytsya, Ukraine",http://fivesysdev.com/
Hivekind,10 - 49,"Kuala Lumpur, Malaysia",https://hivekind.com/
RockLab,10 - 49,"Kharkiv, Ukraine",https://rocklab.io/
Agile Cyber Solutions. Ltd,50 - 249,"London, United Kingdom",https://agilecyber.com/?utm_campaign=directory&utm_medium=re
Samarpan Infotech,10 - 49,"Ahmedabad, India",https://www.samarpaninfotech.com/
Technostacks,50 - 249,"Ahmedabad, India",https://technostacks.com/
Qwickbit Technologies,10 - 49,"Bengaluru, India",https://qwickbit.com/
ilink,50 - 249,"Astana, Kazakhstan",https://ilink.dev/
OPERION Ecommerce & Software Sdn Bhd,2 - 9,"Butterworth, Malaysia",https://www.operion.com.my/
Digitalya,10 - 49,"Iasi, Romania",https://digitalya.co/
RailsCarma,50 - 249,"Bengaluru, India",https://www.railscarma.com/
Ulam Labs,50 - 249,"Wroclaw, Poland",https://www.ulam.io/?utm_source=goodfirms&utm_medium=profile&utm_campaign=contact
Blazity,10 - 49,"Warsaw, Poland",https://www.blazity.com/
SPRYTE Labs,"1,000 - 9,999","NYC, United States",http://www.sprytelabs.com/
CT Software Solutions,10 - 49,"Pasadena, United States",http://www.ctss.io/
Better Software,10 - 49,"Jaipur, India",https://www.bettrsw.com/
iWebServices,50 - 249,"Noida, India",https://www.i-webservices.com/
Advik Infotech,2 - 9,"Ahmedabad, India",https://advikinfotech.com/
Reenbit,50 - 249,"Lviv, Ukraine",https://reenbit.com/
Red Rocket Software,10 - 49,"Casper, United States",https://redrocket.software/
Focusteck,10 - 49,"Lahore, Pakistan",https://www.focusteck.com/
Tsukiden Global Solutions Inc.,250 - 999,"Pasig, Philippines",https://www.tsukiden.com.ph/
Aviasole Technologies,10 - 49,"Vadodara, India",https://aviasole.com/
Devpro,2 - 9,"Laval, Canada",https://www.devprodigital.com/
Embevity,10 - 49,"Gliwice, Poland",https://embevity.com/
Zavia Prime System,2 - 9,"Sheridan, United States",https://www.zaviaprimesystem.com/
Globalluxsoft LLC,10 - 49,"Lexington, United States",http://globalluxsoft.com/
Susco Solutions,10 - 49,"Metairie, United States",http://www.suscosolutions.com/
Symphony Solutions,250 - 999,"Amsterdam, Netherlands",https://symphony-solutions.com/
Emergent Software,50 - 249,"Minneapolis, United States",https://www.emergentsoftware.net/?utm_source=goodfirms.co&utm_medium=referral
AltoLeap Inc.,2 - 9,"Toronto, Canada",https://altoleap.com/
Forebear Productions,10 - 49,"Indore, India",http://forebearpro.com/
VA Talks Consulting Pvt. Ltd.,10 - 49,"Kolkata, India",https://vatalks.com/
INTERSOG,50 - 249,"Chicago, United States",http://intersog.com/?utm_source=Goodfirms&utm_medium=referral
Accedia,250 - 999,"Sofia, Bulgaria",https://accedia.com/?utm_source=Goodfirms&utm_medium=referral
Twin Sun,10 - 49,"Nashville, United States",https://twinsunsolutions.com/?utm_source=Goodfirms.co&utm_medium=referral&utm_campaign=software-development
Sapphire Software Solutions,50 - 249,"Ahmedabad, India",https://www.sapphiresolutions.net/?utm_source=goodfirms.co
Inoxoft,50 - 249,"Philadelphia, United States",https://inoxoft.com/
Yalantis,250 - 999,"Warsaw, Poland",https://yalantis.com/
BEON.tech,50 - 249,"Buenos Aires, Argentina",https://beon.tech/companies
IT Services India,50 - 249,"Ahmedabad, India",https://www.itservicesindia.com/
4soft,50 - 249,"Wroclaw, Poland",https://4soft.co/
Edvantis,250 - 999,"Rzeszow, Poland",https://www.edvantis.com/
Trigma,50 - 249,"Mohali, India",http://www.trigma.com/
MYCLOUDPULSE TECHNOLOGY PRIVATE LIMITED,10 - 49,"Jaipur, India",https://mycloudpulse.com/
SoluLab,250 - 999,"Los Angeles, United States",https://www.solulab.com/
Hiteshi,50 - 249,"Indore, India",https://www.hiteshi.com/
Fireart Studio,10 - 49,"Warsaw, Poland",https://fireart.studio/
Radixweb,250 - 999,"Ahmedabad, India",https://radixweb.com/
Wavect GmbH,10 - 49,"Innsbruck, Austria",https://wavect.io/
Oxagile,250 - 999,"NYC, United States",http://www.oxagile.com/
Brainerhub,250 - 999,"Ahmedabad, India",https://www.brainerhub.com/
Newwave Solutions JSC,250 - 999,"Cau Giay, Vietnam",https://newwavesolution.com/
ScienceSoft USA Corporation,250 - 999,"McKinney, United States",https://www.scnsoft.com/
EchoForge Cloud private limited,50 - 249,"Gurgaon, India",https://www.echoforgecloud.com/
NipsApp Game Studios,50 - 249,"Thiruvananthapuram, India",https://www.nipsapp.com/
Mavlers,250 - 999,"San Jose, United States",https://mavlers.agency/
EffectiveSoft,250 - 999,"San Diego, United States",http://www.effectivesoft.com/
Iomico,10 - 49,"Santa Clara, United States",http://iomico.com/
Flyte Solutions,50 - 249,"Dhaka, Bangladesh",http://flytesolutions.com/
Obree,50 - 249,"NYC, United States",https://obree.com/
Kadam Technologies Pvt. Ltd.,50 - 249,"Jaipur, India",http://www.kadamtech.com/
Scopic,250 - 999,"Marlborough, United States",https://scopicsoftware.com/
Dino Code LA,10 - 49,"Playa del Rey, United States",https://www.dinocodela.com/
Insights Consulting,10 - 49,"Tbilisi, Georgia country",https://insights.ge/
ByteCipher Pvt Ltd,10 - 49,"Indore, India",https://bytecipher.net/
Mayura Consultancy Services (MCS),10 - 49,"Bengaluru, India",https://www.mayuraconsultancy.com/
Cretik,50 - 249,"Cairo, Egypt",https://cretik.com/
DevSquad,2 - 9,"South Salt Lake, United States",https://devsquad.com/
"Trigent Software, Inc",250 - 999,"Southborough, United States",https://trigent.com/?utm_source=goodfirms&utm_medium=referral&utm_campaign=business-directory
Hidden Brains InfoTech,250 - 999,"Ahmedabad, India",http://www.hiddenbrains.com/
Yotomations LLC,2 - 9,"Lutz, United States",https://yotomations.com/
Quytech,50 - 249,"Gurgaon, India",https://www.quytech.com/
Emizen Tech Pvt Ltd,50 - 249,"Jaipur, India",https://emizentech.com/
DevIT,50 - 249,"Kyiv, Ukraine",https://devit.group/
Omega Softwares,10 - 49,"Dombivli, India",https://www.omega-sys.com/
Zerozilla,50 - 249,"Bengaluru, India",http://www.zerozilla.com/
TechQuadra Software Solutions,10 - 49,"Nagpur, India",https://www.techquadra.com/
8ration,50 - 249,"Karachi, Pakistan",https://8ration.com/
Indi IT Solutions,50 - 249,"Mohali, India",https://indiit.com/
Mind Roots Private Limited,50 - 249,"Chandigarh, India",http://mind-roots.com/
Rendr Software Group,2 - 9,"Worthington, United States",https://www.rendrhq.com/
Vipra Business,50 - 249,"Noida, India",http://www.viprabusiness.com/
DreamSoft4u Private Limited,50 - 249,"Jaipur, India",http://dreamsoft4u.com/
Biz4Solutions LLC,50 - 249,"Pune, India",https://www.biz4solutions.com/
Ashapura Softech,10 - 49,"Ahmedabad, India",https://ashapurasoftech.com/
WDMtech,10 - 49,"Noida, India",https://www.wdmtech.com/
CodiFly IT Solutions,10 - 49,"Jaipur, India",https://www.codiflysoftware.com/
2Base Technologies,50 - 249,"London, United Kingdom",https://www.2basetechnologies.com/
Foxbox Digital,10 - 49,"Chicago, United States",https://foxbox.com/
Walkwel Technology,50 - 249,"Mohali, India",https://walkweltech.com/
InstaCloud Solutions LLP,10 - 49,"Ahmedabad, India",https://instacloudsolutions.com/
Axisbits,10 - 49,"Zurich, Switzerland",https://axisbits.com/?utm_source=goodfirms&utm_medium=referral
Tecxar Consultants,10 - 49,"Ahmedabad, India",https://tecxar.io/
Forbytes,50 - 249,"Wroclaw, Poland",https://forbytes.com/
Upplabs LLC,50 - 249,"Kyiv, Ukraine",https://www.upplabs.com/?ref=goodfirms
Intelliarts,50 - 249,"Lviv, Ukraine",https://www.ai.intelliarts.com/
Calaton Systems,10 - 49,"Tampa, United States",https://www.calaton.systems/
AppStudio,10 - 49,"Toronto, Canada",http://www.appstudio.ca/
Codoo-ERP,10 - 49,"Lviv, Ukraine",https://codoo-erp.com/
SynthWeb,10 - 49,"Guwahati, India",https://synthweb.in/
SteppingEdge,50 - 249,"Coimbatore, India",https://www.steppingedge.com/
DevCom,50 - 249,"Lviv, Ukraine",http://devcom.com/
iTechnolabs Inc,50 - 249,"Mohali, India",https://www.itechnolabs.ca/
Mobitsolutions,10 - 49,"Small Heath, United Kingdom",https://www.mobitsolutions.com/
Smartym Pro,50 - 249,"London, United Kingdom",https://smartym.pro/?utm_source=goodfirms&utm_medium=directory&utm_campaign=general%20&utm_content=profile
IOGOOS Solution Pvt Ltd,50 - 249,"Delhi, India",http://www.iogoos.com/
Shri Genesis Software Solutions,50 - 249,"Jaipur, India",http://www.shrigenesis.com/
Altoros Labs,250 - 999,"Pleasanton, United States",https://www.altoroslabs.com/
Daffodil Software,250 - 999,"Gurgaon, India",https://daffodilsw.com/software-engineering-services/?utm_source=goodfirms&utm_campaign=goodfirms
Smart IT,50 - 249,"San Francisco, United States",https://smart-it.io/
Cloudgate Pvt. Ltd.,10 - 49,"Dublin, Ireland",https://cloudgate.ie/
Kinetic Web Builders,50 - 249,"Buffalo, United States",https://www.kineticwebbuilders.com/
Neuronimbus,50 - 249,"Gurgaon, India",https://www.neuronimbus.com/
Login2Tech Websoft Pvt. Ltd.,10 - 49,"Jaipur, India",http://login2tech.org/
Elightwalk Technology Private Limited,50 - 249,"Ahmedabad, India",https://elightwalk.com/
Teamvoy,50 - 249,"Lviv, Ukraine",http://teamvoy.com/
Gravity Engineering Services,50 - 249,"Raipur, India",https://www.gravityer.com/
Vasterra,50 - 249,"London, United Kingdom",https://vasterra.com/
wHTa Networks,10 - 49,"Nairobi, Kenya",https://whtanetworks.com/
Bluell AB,10 - 49,"Stockholm, Sweden",https://bluell.se/
Yellowstone Labs,10 - 49,"Signal Hill, United States",https://www.yellowstonelabs.io/
AppTrait Solutions,10 - 49,"Ahmedabad, India",http://apptraitsolutions.com/
Intergy,50 - 249,"Sydney, Australia",https://www.intergy.com.au/
Aristek Systems,50 - 249,"Vilnius, Lithuania",http://aristeksystems.com/
Userfacet,10 - 49,"Bengaluru, India",https://www.userfacet.com/
Appstronauts,10 - 49,"Warsaw, Poland",https://www.appstronauts.co/
EchoGlobal,10 - 49,"Lviv, Ukraine",https://echoglobal.tech/
Integrio Systems,50 - 249,"Vancouver, Canada",https://integrio.net/
softstack,10 - 49,"Flensburg, Germany",https://softstack.io/
Orion eSolutions Pvt. Ltd.,50 - 249,"Mohali, India",https://www.orionesolutions.com/
OneSource Team,50 - 249,"Kyiv, Ukraine",https://onesource.team/
IONICFIREBASE,10 - 49,"Bengaluru, India",https://www.ionicfirebaseapp.com/
Binmile Technologies,250 - 999,"Claymont, United States",https://binmile.com/?utm_source=Goodfirms&utm_medium=organic&utm_campaign=binmile
Unyscape Infocom,50 - 249,"Noida, India",https://www.unyscape.com/
JSN,10 - 49,"Zaporizhzhia, Ukraine",https://www.jsninjas.net/
Bachoo,10 - 49,"Los Angeles, United States",https://bachoodesign.com/?utm_source=goodfirms&utm_medium=webdev
Encodedots Technolabs Pvt Ltd,10 - 49,"Ahmedabad, India",https://www.encodedots.com/
Angry Nerds,50 - 249,"Wroclaw, Poland",https://angrynerds.co/
Polytech Software,250 - 999,"Kyiv, Ukraine",https://polytech.software/
Techforce Global,50 - 249,"Ahmedabad, India",https://techforceglobal.com/
Reveation Labs,50 - 249,"Plano, United States",https://www.reveation.io/?utm_source=Goodfirms&utm_medium=Directory_listings&utm_campaign=profile_link
Forma Pro,10 - 49,"Kharkiv, Ukraine",https://forma-pro.com/
App Design Glory,50 - 249,"Austin, United States",https://www.appdesignglory.com/
Saffron Tech,50 - 249,"Delhi, India",http://saffrontech.net/
TatvaSoft,"1,000 - 9,999","Ahmedabad, India",http://www.tatvasoft.com/
Five Exceptions Software Solutions Pvt Ltd,10 - 49,"Indore, India",https://www.5exceptions.com/
Stealth Technocrats Pvt. Limited,50 - 249,"Chandigarh, India",http://stealthtechnocrats.com/
Tekki Web Solutions Inc,50 - 249,"Ludhiana, India",https://www.tekkiwebsolutions.com/
Chapter247 Infotech,50 - 249,"Indore, India",http://www.chapter247.com/
SMISS,10 - 49,"Kharkiv, Ukraine",http://www.smissltd.com/
Savvycom,250 - 999,"Hanoi, Vietnam",http://savvycomsoftware.com/
Sterison Technology Private Limited,10 - 49,"Nagercoil, India",https://www.sterison.com/
SkyQuest Technology Consulting Pvt. Ltd.,50 - 249,"Ahmedabad, India",http://skyquestt.com/
Naked Development,10 - 49,"Irvine, United States",https://apps.nakeddev.com/goodfirms
InApps Technology,50 - 249,"Ho Chi Minh City, Vietnam",https://www.inapps.net/
Synodus,250 - 999,"Hanoi, Vietnam",https://synodus.com/?utm_source=goodfirm&utm_medium=referral
Aegasis Labs,10 - 49,"London, United Kingdom",https://www.aegasislabs.com/
Netqom Software Pvt. Ltd,10 - 49,"Mohali, India",http://www.netqom.com/
EBS Integrator,50 - 249,"Straseni, Moldova",http://ebs-integrator.com/
Climbax Entertainment Private Limited,10 - 49,"Delhi, India",https://www.climbaxentertainment.com/
Napollo Software Design L.L.C,50 - 249,"NYC, United States",https://napollo.net/
Digital4design,10 - 49,"Mohali, India",http://www.digital4design.com/
SYNERGY Consulting,10 - 49,"NYC, United States",https://synergyconsulting.us/
Multipz Technology,10 - 49,"Ahmedabad, India",https://www.multipz.com/
Archysoft,10 - 49,"Kyiv, Ukraine",https://archysoft.com/
Keshav Infotech,50 - 249,"Rajkot, India",http://www.keshavinfotech.com/
"K-Optional Software, LLC",2 - 9,"NYC, United States",https://koptional.com/
Web Peppers,10 - 49,"Kyiv, Ukraine",http://web-peppers.com/
UiSort Technologies Pvt Ltd,2 - 9,"Tiruchirappalli, India",https://www.uisort.com/
Mono,50 - 249,"Osijek, Croatia",https://mono.software/
ZUZEX,50 - 249,"Santa Rosa, United States",http://www.zuzex.com/
Scaleup Consulting,10 - 49,"Sydney, Australia",https://scaleupconsulting.com.au/
Shivit Technologies Private Limited,2 - 9,"Noida, India",https://www.shivit.com/
FOONKIE MONKEY,50 - 249,"Bogota, Colombia",http://www.foonkiemonkey.co.uk/
Rao Information Technology,10 - 49,"Ahmedabad, India",https://raoinformationtechnology.com/
Tudip Technologies Pvt. Ltd.,250 - 999,"Pune, India",https://tudip.com/
EL Passion,50 - 249,"Warsaw, Poland",https://www.elpassion.com/get-an-estimate?utm_source=goodfirms&utm_medium=link&utm_campaign=goodfirms-profile
E-Vision,10 - 49,"Cairo, Egypt",http://www.evision-corp.com/
Aventus Software,2 - 9,"Harrow Weald, United Kingdom",https://aventussoftware.com/
Dexoc,10 - 49,"Ahmedabad, India",https://dexoc.com/
Codeworks,10 - 49,"Dhaka, Bangladesh",http://www.codeworksbd.com/
Nextgensoft Technologies LLP,50 - 249,"Ahmedabad, India",https://www.nextgensoft.io/
Technource,50 - 249,"Ahmedabad, India",https://www.technource.com/
SmartexLab,50 - 249,"Brest, Belarus",http://smartexlab.com/
Velocity Labs,2 - 9,"Phoenix, United States",http://velocitylabs.io/
CML Team Ltd,10 - 49,"London, United Kingdom",https://www.cmlteam.com/
Winalife,10 - 49,"Warsaw, Poland",https://www.winalife.com/
Ansi ByteCode LLP,10 - 49,"Ahmedabad, India",http://www.ansibytecode.com/
Ejaw,50 - 249,"Tallinn, Estonia",https://ejaw.net/
DeepInspire,10 - 49,"Lviv, Ukraine",http://www.deepinspire.com/
Upsilon,10 - 49,"Tallinn, Estonia",https://upsilonit.com/
Ronnie Ridge Tech,50 - 249,"Parkville, United States",https://ronnieridge.com/
Adexin,10 - 49,"Philadelphia, United States",https://adexin.com/
Human Interface Technologies,10 - 49,"Munich, Germany",http://humanit.pro/
WeGotCode.com,10 - 49,"Canton, United States",https://wegotcode.com/
ESKA,10 - 49,"Kyiv, Ukraine",https://en.eska.global/
NS Global Corporation,50 - 249,"Rajkot, India",https://nsglobalcorporation.com/
TulipTech LTD.,50 - 249,"Leicester, United Kingdom",https://tulip-tech.com/
PerfectionGeeks Technologies,10 - 49,"Delhi, India",https://www.perfectiongeeks.com/
Binary Studio Ltd,50 - 249,"Lviv, Ukraine",https://binary-studio.com/
Immersive Infotech,10 - 49,"Indore, India",http://www.immersiveinfotech.com/
LNOKS,10 - 49,"Tallinn, Estonia",https://www.lnoks.com/
Global Cloud Team,50 - 249,"Dnipro, Ukraine",https://globalcloudteam.com/
Max Vision Solutions,10 - 49,"Delhi, India",https://www.maxvisionsolutions.com/
Burning Buttons LLC,50 - 249,"Antalya, Turkey",https://burningbuttons.com/
Scandiweb,250 - 999,"Riga, Latvia",https://scandiweb.com/
Colan Infotech Private Limited,250 - 999,"Chennai, India",https://colaninfotech.com/software-development-services/
AOZ SOFTWARE TECHNOLOGY SOLUTION JSC,50 - 249,"Ho Chi Minh City, Vietnam",https://aozsoftware.com/
Deqode,250 - 999,"Pune, India",http://deqode.com/
SynapseIndia,50 - 249,"NYC, United States",https://www.synapseindia.com/
The Dezine,10 - 49,"Ahmedabad, India",https://www.thedezine.in/
Scientific Web Solutions,10 - 49,"Jaipur, India",http://scientificwebs.com/
techunido.com,10 - 49,"Mumbai, India",http://techunido.com/
Ballard Chalmers,10 - 49,"East Grinstead, United Kingdom",https://ballardchalmers.com/
TemaBit,250 - 999,"Kyiv, Ukraine",https://temabit.com/
AIS Pvt Ltd,50 - 249,"Ahmedabad, India",https://www.ainfosolutions.com/
MetaBlock Technologies,50 - 249,"Jaipur, India",https://metablocktechnologies.in/
AnvilEight,10 - 49,"Kharkiv, Ukraine",https://anvileight.com/
Revelry Labs,50 - 249,"New Orleans, United States",http://www.revelry.co/
LaSoft,50 - 249,"Lviv, Ukraine",https://lasoft.org/
moblers,10 - 49,"Tel Aviv, Israel",https://moblers.com/
NanoByte Technologies,50 - 249,"Sacramento, United States",https://www.nanobytetechnologies.com/
A-Team Global,50 - 249,"Burgas, Bulgaria",https://a-team.global/
Grodas LLC,10 - 49,"Konotop, Ukraine",https://grodasgroup.com/
HSTK (Haystack),10 - 49,"Phoenix, United States",https://hstk.com/
TechMarcos,10 - 49,"Mohali, India",https://techmarcos.com/
reverseBits,10 - 49,"Ahmedabad, India",https://www.reversebits.tech/
Global BrainForce,10 - 49,"Makati, Philippines",https://www.globalbrainforce.com/
Oodles ERP,250 - 999,"Gurgaon, India",https://erpsolutions.oodles.io/?utm_source=goodfirms
Baytech Consulting.com,10 - 49,"Irvine, United States",https://www.baytechconsulting.com/
Wiser Technology,10 - 49,"Sofia, Bulgaria",https://wisertech.com/
The Evenstar,10 - 49,"Zaporizhzhia, Ukraine",https://theevenstar.net/
Langate Software,50 - 249,"NYC, United States",https://langate.com/
Techsoweb,2 - 9,"Kannur, India",https://techsoweb.com/
Digimonk Technologies,50 - 249,"Gwalior, India",http://digimonk.in/
Verve Systems Pvt. Ltd.,50 - 249,"Ahmedabad, India",https://www.vervesys.com/
Venture Aviator,50 - 249,"Los Angeles, United States",http://ventureaviator.com/
GeekyAnts,250 - 999,"San Francisco, United States",https://geekyants.com/?utm_source=goodfirms&utm_medium=referral&utm_campaign=sponsorship
RedCat Ltd.,10 - 49,"Kharkiv, Ukraine",https://redcat.dev/
NeoITO,50 - 249,"Thiruvananthapuram, India",https://www.neoito.com/
Brocoders,50 - 249,"Tallinn, Estonia",http://www.brocoders.com/
ARKA Softwares,50 - 249,"Jaipur, India",https://www.arkasoftwares.com/services/mobile-app-development-company
Si3 Digital,50 - 249,"Dubai, UAE",http://www.si3.ae/
SRH Softwares,10 - 49,"Noida, India",https://srhsoftwares.com/
Codes Break Ltd.,10 - 49,"Dhaka, Bangladesh",https://codesbreak.com/
Profinit,250 - 999,"Prague, Czech Republic",https://profinit.eu/
UcodeSoft Solutions Pvt Ltd,10 - 49,"Mohali, India",https://ucodesoft.com/
Global IT APP,2 - 9,"Jaipur, India",https://www.globalitapp.com/
Infibrain Technologies LLP,10 - 49,"Rajkot, India",https://www.infibrain.com/
Logistic InfoTech Pvt. Ltd.,50 - 249,"Rajkot, India",https://www.logisticinfotech.com/
Zfort Group,250 - 999,"Kharkiv, Ukraine",https://www.zfort.com/services/custom-software-development?utm_source=goodfirms&utm_medium=directory&utm_campaign=software_category&utm_content=software
Redian Software,50 - 249,"Noida, India",http://www.rediansoftware.com/
Orases,50 - 249,"Frederick, United States",https://www.orases.com/
Adamo Software,50 - 249,"Hanoi, Vietnam",https://adamosoft.com/
Integra Sources,50 - 249,"Astana, Kazakhstan",https://www.integrasources.com/
Logiciel Solutions,50 - 249,"Ludhiana, India",https://logiciel.io/
Virva infotech,10 - 49,"Rajkot, India",https://virvainfotech.com/
Attractor Software LLC,10 - 49,"Richmond, United States",https://www.attractor-software.com/
Coretus Technologies,50 - 249,"Rajkot, India",https://www.coretus.com/
Scalevise,2 - 9,"Tegelen, Netherlands",https://scalevise.com/
Xiteb LLC,50 - 249,"Colombo, Sri Lanka",https://xiteb.com/
FreshCode,50 - 249,"Sofia, Bulgaria",https://freshcodeit.com/
SOFTENQ,10 - 49,"Omsk, Russia",https://softenq.com/
Sembit,10 - 49,"Portland, United States",https://www.sembit.com/
Zennaxx,10 - 49,"Rajkot, India",https://zennaxx.com/
Zethic Technologies,10 - 49,"Bengaluru, India",https://zethic.com/
Vigorous IT Solutions Pvt. Ltd,50 - 249,"Jaipur, India",https://www.vigorousit.com/
Maticz Technologies,250 - 999,"Madurai, India",https://maticz.com/
GR Tech Sdn Bhd,2 - 9,"Cyberjaya, Malaysia",https://grtech.com/
Ralabs,50 - 249,"Lewes, United States",http://ralabs.org/
DigiEx Group,50 - 249,"Ho Chi Minh City, Vietnam",https://digiex.asia/
Proximity Costa Rica,50 - 249,"San Jose, Costa Rica",https://www.proximitycr.com/
LANARS,50 - 249,"Oslo, Norway",https://lanars.com/?utm_source=goodfirms&utm_medium=butom
NCSofttech,10 - 49,"Delhi, India",http://www.ncsofttech.com/
RSK Business Solutions,50 - 249,"Tunbridge Wells, United Kingdom",https://www.rsk-bsl.com/
Lambert Labs,2 - 9,"London, United Kingdom",https://lambertlabs.com/
Lateral,10 - 49,"Perth, Australia",https://www.lateral.com.au/goodfirms/
Jappware,10 - 49,"Lviv, Ukraine",https://www.jappware.com/
Plexusbit Software,10 - 49,"Pune, India",http://plexusbit.com/
Login2design Technologies,10 - 49,"Jaipur, India",https://www.login2design.com/
Aleannlab,10 - 49,"Poltava, Ukraine",https://aleannlab.com/
Door Soft Ltd.,10 - 49,"Dhaka, Bangladesh",https://doorsoft.co/
CSM Technologies,"1,000 - 9,999","Bhubaneswar, India",https://www.csm.tech/
Polymorph,10 - 49,"Stellenbosch, South Africa",http://www.polymorph.co.za/
SCD Company | Custom Software Development,10 - 49,"Yerevan, Armenia",https://scd-company.com/
Softwisery,2 - 9,"Sheridan, United States",https://softwisery.com/
Laracraft,2 - 9,"Fussen, Germany",https://www.laracraft.tech/
Superscript Systems Ltd,10 - 49,"Sheridan, United States",https://superscriptsystems.com/
zalgo Infotech PVT. LTD.,10 - 49,"Gwalior, India",https://zalgoinfotech.com/
Amrood Labs,10 - 49,"Wilmington, United States",https://amroodlabs.com/
Are InfoTech,10 - 49,"Ahmedabad, India",https://www.areinfotech.com/
Timspark,50 - 249,"London, United Kingdom",https://timspark.com/
Decipher Zone Technologies Pvt Ltd,50 - 249,"Jaipur, India",http://decipherzone.com/
TrianglZ,50 - 249,"Alexandria, Egypt",http://www.trianglz.com/
Gligx,10 - 49,"Deira, UAE",https://www.gligx.com/
TechTroll,10 - 49,"Cairo, Egypt",https://techtroll.co/
Solveda,50 - 249,"NYC, United States",http://www.solveda.com/
Biz4Group LLC,250 - 999,"Orlando, United States",https://www.biz4group.com/
Tizbi,50 - 249,"Raleigh, United States",http://tizbi.com/
AmCodr IT Solutions Pvt. Ltd.,10 - 49,"Ahmedabad, India",https://amcodr.com/
iNoid Solutions,10 - 49,"Jodhpur, India",http://www.inoidsolutions.com/
WireFuture,10 - 49,"Ahmedabad, India",https://wirefuture.com/
itCraft sp. z o.o.,50 - 249,"Warsaw, Poland",https://itcraftapps.com/
TeqTop,10 - 49,"Mohali, India",https://www.teqtop.com/
Vinta Software,10 - 49,"Recife, Brazil",https://www.vintasoftware.com/?utm_source=Goodfirms&utm_medium=referral
SENLA,250 - 999,"Warsaw, Poland",https://senla.eu/
Hopinfirst,10 - 49,"Delhi, India",http://hopinfirst.com/
IT Company India,50 - 249,"Noida, India",https://www.itcompanyindia.in/
Devstree IT Solutions,50 - 249,"Ahmedabad, India",https://devstree.com/
Nexovah Technology,10 - 49,"Kolkata, India",https://www.nexovah.com/
BluEnt,50 - 249,"Lewes, United States",https://www.bluent.net/
300DEVS,10 - 49,"Rzeszow, Poland",https://300devs.com/
Capsquery Private Limited,2 - 9,"Kolkata, India",https://capsquery.com/
DesignSoft Technologies (Pvt) Ltd,10 - 49,"Colombo, Sri Lanka",http://www.designsoftsl.com/
Lizard Global,50 - 249,"Kuala Lumpur, Malaysia",https://lizard.global/
Regur Technology Solutions,2 - 9,"Ahmedabad, India",http://www.regur.net/
UKAD,250 - 999,"Kirkland, United States",https://ukad-group.com/
Analytix Solutions,250 - 999,"Ahmedabad, India",https://www.analytixit.com/
ConsultingWhiz,10 - 49,"Mission Viejo, United States",https://www.consultingwhiz.com/
Geomotiv,50 - 249,"Lisbon, Portugal",https://geomotiv.com/?utm_source=goodfirms&utm_medium=refferal&utm_campaign=listings_april_2022
Origami Studios,50 - 249,"Lahore, Pakistan",https://www.origamistudios.us/
NDIMENSION LABS,10 - 49,"Kolkata, India",http://www.ndimensionlabs.com/
Aegas,10 - 49,"Newark, United States",https://aegas.io/
EzappSolution,50 - 249,"Gurgaon, India",http://www.ezappsolution.us/
MakeIT,10 - 49,"Lviv, Ukraine",https://makeit.technology/
Rails Agency,2 - 9,"Atlanta, United States",https://www.railsagency.com/
EMURGO,50 - 249,"Tokyo, Japan",https://emurgo.io/en/what-we-do/blockchain-solutions
2V Modules,10 - 49,"Yerevan, Armenia",https://2vmodules.com/
Nexxt Ideas,10 - 49,"Calgary, Canada",https://nexxtideas.com/
Webkorps Services India Pvt. Ltd.,50 - 249,"Indore, India",https://www.webkorps.com/#/
HRSOFTBD,10 - 49,"Dhaka, Bangladesh",http://www.hrsoftbd.com/
Lunarbyte LLC,2 - 9,"Seattle, United States",https://www.lunarbyte.io/
Railwaymen,50 - 249,"Krakow, Poland",https://railwaymen.org/
Inventale,10 - 49,"al-Fujayrah, UAE",https://invenpro.tech/en/
Zone24x7 Inc.,250 - 999,"San Jose, United States",https://zone24x7.com/
Devot,50 - 249,"Zagreb, Croatia",https://devot.team/
Equality Software,50 - 249,"Houston, United States",https://equalitysoftware.com/
iCoreThink Technologies,10 - 49,"Bhavnagar, India",https://www.icorethink.com/
Krazimo Private Limited,10 - 49,"Bengaluru, India",https://krazimo.ai/
CANADA HITECH,10 - 49,"Dubai, UAE",https://www.canadahitech.com/
RV Technologies Softwares Pvt. Ltd.,50 - 249,"Mohali, India",https://rvtechnologies.com/
Tec Solutions,10 - 49,"Buenos Aires, Argentina",https://www.tecsolutions.com.ar/
Vnnovate Solutions Pvt Ltd,50 - 249,"Ahmedabad, India",http://vnnovate.com/
Nextware Technologies,50 - 249,"Santa Monica, United States",http://www.nextwaretech.com/
TechStreet Solutions Pvt Ltd,250 - 999,"Noida, India",http://techstreet.in/
TechDilation,10 - 49,"Perth, Australia",https://www.techdilation.com.au/
Fusion Tech,50 - 249,"Yerevan, Armenia",https://fusion-tech.pro/
Cygnet.One,"1,000 - 9,999","Princeton, United States",https://www.cygnet.one/
Awsm Digital Innovations Pvt Ltd,10 - 49,"Thiruvananthapuram, India",https://awsm.in/
Krystosoft,10 - 49,"Richardson, United States",https://krystosoft.com/
Tucanoo Solutions Ltd,2 - 9,"Leeds, United Kingdom",https://tucanoo.com/
DigitalMara,50 - 249,"Tallinn, Estonia",https://www.digitalmara.com/
BABEL Agency,10 - 49,"Bursa, Turkey",https://babel.com.tr/
TechNow IO,10 - 49,"Berlin, Germany",https://tech-now.io/
Gephels,2 - 9,"Pune, India",http://www.gephels.com/
Spine Software Systems Pvt Ltd,50 - 249,"Mohali, India",http://www.espine.in/
Satva Solutions,50 - 249,"Castaic, United States",https://satvasolutions.com/
WovVTech,50 - 249,"Mumbai, India",https://wovvtech.com/
KNDCODE,10 - 49,"Carmel, United States",https://kndcode.com/
Quintagroup,50 - 249,"Lviv, Ukraine",https://quintagroup.com/
Facile Technolab Pvt Ltd,50 - 249,"Ahmedabad, India",https://www.faciletechnolab.com/
TechRover Solutions,10 - 49,"Ahmedabad, India",https://www.techrover.us/
Yukon Software,50 - 249,"Colombo, Sri Lanka",https://yukon.software/
NETSOL Technologies,2 - 9,"Paris, France",https://netsoltech.com/
Selldone,2 - 9,"Copenhagen, Denmark",https://selldone.com/
KONNECT WAY,10 - 49,"Dublin, Ireland",https://www.konnectway.com/
Web Care House LLC,50 - 249,"Kalispell, United States",https://webcarehouse.com/
Easy Aiz,50 - 249,"San Francisco, United States",https://easyaiz.com/
PlusInfoLab,10 - 49,"Surat, India",https://plusinfolab.com/
Red Eagle Tech,2 - 9,"London, United Kingdom",https://redeagle.tech/
VeryDRM,10 - 49,"San Diego, United States",https://verydrm.com/
Ryware,10 - 49,"Petah Tikva, Israel",https://ryware.dev/
Coderlab Technologies,50 - 249,"NYC, United States",https://coderlab.tech/
White Label Solutions,10 - 49,"London, United Kingdom",https://wl-solutions.net/
WebOsmotic Pvt. Ltd.,50 - 249,"Bengaluru, India",https://webosmotic.com/
Innotical Solutions Pvt. Ltd.,50 - 249,"Noida, India",https://innotical.com/
WASKO Software,"1,000 - 9,999","Gliwice, Poland",https://wasko.software/
Zibtek,10 - 49,"Draper, United States",https://www.zibtek.com/?utm_source=Goodfirms&utm_medium=Referral&utm_campaign=Goodfirms%20account
ThoughtWorks,"1,000 - 9,999","Atlanta, United States",https://www.thoughtworks.com/
TurtleSoft Solution,10 - 49,"Ahmedabad, India",https://turtlesoftsolution.com/
Sphere 10 Software,2 - 9,"Brisbane, Australia",https://sphere10.com/
Damco Solutions,"1,000 - 9,999","Noida, India",https://www.damcogroup.com/
Soluzione Inc,10 - 49,"Bhopal, India",https://www.solzit.com/
Evolt d.o.o.,50 - 249,"Sarajevo, Bosnia and Herzegovina",https://evolt.dev/
Technogiq IT Solutions Private Limited,10 - 49,"Bhopal, India",http://www.technogiq.com/
N2R TECHNOLOGIES,10 - 49,"Noida, India",https://www.n2rtechnologies.com/
Mobile Apptelligence,50 - 249,"Bengaluru, India",http://www.mobileapptelligence.com/
MitizTechnologies,10 - 49,"Noida, India",https://www.mitiztechnologies.com/
Exquisite Software,2 - 9,"Scottsdale, United States",https://www.exquisite-software.com/
Svitla Systems,"1,000 - 9,999","Corte Madera, United States",https://svitla.com/
ETEAM,50 - 249,"Irvine, United States",https://eteam.io/
Jellyfish Technologies,50 - 249,"Noida, India",https://www.jellyfishtechnologies.com/
Advance Idea Modules,2 - 9,"Ahmedabad, India",https://www.aimtechnolabs.com/
INNOMIZE,10 - 49,"Ho Chi Minh City, Vietnam",https://www.innomizetech.com/
PLANEKS,10 - 49,"Kyiv, Ukraine",https://planeks.net/
Gravity Group,10 - 49,"Yerevan, Armenia",https://www.gravity-group.org/en
Kotibox Global Technologies,10 - 49,"Jaipur, India",https://kotiboxglobal.com/
Jalasoft,250 - 999,"Cochabamba, Bolivia",https://www.jalasoft.com/
Mobikasa Inc,50 - 249,"Delhi, India",http://www.mobikasa.com/
FlexMade,50 - 249,"Kirkland, United States",https://www.flexmade.com/
Ekreative,50 - 249,"Memphis, United States",https://www.ekreative.com/
Cleverti,50 - 249,"Lisbon, Portugal",https://www.cleverti.com/
Quantumsoftech,10 - 49,"Noida, India",https://www.quantumsoftech.com/
Techgrains Technologies,10 - 49,"Danbury, United States",https://www.techgrains.com/
Clockwise Software,50 - 249,"Dnipro, Ukraine",https://clockwise.software/
Data Pro Software Solutions,2 - 9,"Kyiv, Ukraine",https://dataprocorp.tech/
RadicalStart,10 - 49,"Madurai, India",https://www.radicalstart.com/
Cloudester Software LLC,10 - 49,"NYC, United States",https://cloudester.com/
Sss Syber Tech Private Limited,10 - 49,"Noida, India",https://www.ssssybertech.com/
SOFT RADIX TECHNOLOGIES PRIVATE LIMITED,50 - 249,"Mohali, India",https://www.softradix.com/
Redberry,50 - 249,"Tbilisi, Georgia country",https://redberry.international/
El Pixel,10 - 49,"Krakow, Poland",https://el-pixel.com/
EpicX,50 - 249,"London, United Kingdom",https://www.epicx.co.uk/
MythicDev Technologies,10 - 49,"Abuja, Nigeria",https://www.mythicdevtechnologies.com/
XPGraph,10 - 49,"Minsk, Belarus",https://xpgraph.com/
Perfect Systems,250 - 999,"Moscow, Russia",https://psystems.biz/
Macadamian Technologies,50 - 249,"Gatineau, Canada",https://www.macadamian.com/
Applandeo,10 - 49,"Krakow, Poland",https://applandeo.com/
Amconsoft,10 - 49,"Dnipro, Ukraine",http://www.amconsoft.com/
Laneway Software and Digital Pty Ltd,10 - 49,"Melbourne, Australia",https://lanewayssd.com/
Altius Technology Solution,50 - 249,"Farmington Hills, United States",https://www.altiussolution.com/
YourCTO,2 - 9,"Washington DC, United States",https://yourcto.co/
AlgoRepublic,10 - 49,"Lahore, Pakistan",https://algorepublic.com/
Softexpoit Pvt. Limited,10 - 49,"London, United Kingdom",https://www.softexpoitlimited.co.uk/
U-Hertz,2 - 9,"Woodbridge, United States",https://www.u-hertz.com/
Aqlix IT Solutions Pvt Ltd,10 - 49,"Chandigarh, India",https://aqlix.com/
Stellar Logic,10 - 49,"Warsaw, Poland",https://www.stellar-logic.com/
Inventiple,10 - 49,"Greater Noida, India",https://www.inventiple.com/
Aionys,50 - 249,"Sofia, Bulgaria",https://aionys.com/
Xonest Technologies Private Limited (OPC),10 - 49,"Sirsa, India",https://www.xonestech.com/
Aguai Solutions Pvt Ltd,10 - 49,"Bengaluru, India",http://www.aguaisolutions.com/
Mojo Web Technology,2 - 9,"Noida, India",https://mojowebtech.com/
Cybrain Software Solutions,50 - 249,"Mohali, India",https://www.cybersolutionindia.com/
Krify UK Limited,50 - 249,"London, United Kingdom",https://krify.co.uk/
Vegavid Technology,250 - 999,"Noida, India",https://vegavid.com/
Tecocraft PVT. LTD,50 - 249,"Surat, India",https://www.tecocraft.co.uk/
Tatvamasi Labs,10 - 49,"Surat, India",https://tatvamasilabs.com/
Endurance Softwares,10 - 49,"Mohali, India",http://endurancesoftwares.com/
Arpatech,250 - 999,"Karachi, Pakistan",http://www.arpatech.com/
ViitorCloud,50 - 249,"Ahmedabad, India",https://viitorcloud.com/
Competenza Innovare,10 - 49,"Dubai, UAE",https://competenza.ae/
NCoreSoft,10 - 49,"Ahmedabad, India",http://www.ncoresoft.com/
Uplanet,50 - 249,"Parker, United States",https://uplanet.biz/
Flynk,10 - 49,"Sydney, Australia",https://www.flynk.com/
Perficient Latin America,250 - 999,"Medellin, Colombia",https://www.perficient.com/
Globant,10000+,"Raleigh, United States",https://www.globant.com/
Technosoft Solutions Inc.,10 - 49,"Branford, United States",https://techno-soft.com/
inoday,50 - 249,"Noida, India",http://inoday.com/
Object Developer,10 - 49,"Udaipur, India",http://objectdeveloper.com/
ITester Inc,50 - 249,"Hyderabad, India",https://www.itester.com/
BlackThorn,10 - 49,"London, United Kingdom",https://www.blackthorn.ai/
Nextryzer Technologies,10 - 49,"Ludhiana, India",https://nextryzer.com/
Enozom Software,10 - 49,"Alexandria, Egypt",https://www.enozom.com/
Technaureus Info Solutions Pvt. Ltd.,50 - 249,"Kozhikode, India",http://www.technaureus.com/
STYLABS,10 - 49,"Dubai, UAE",https://stylabs.com/
Xenovex Technologies Pvt Ltd,50 - 249,"Chennai, India",http://www.xenovex.com/
Custom D,10 - 49,"Christchurch, New Zealand",https://www.customd.com/
Webclick® Digital Pvt. Ltd,10 - 49,"Delhi, India",http://www.webclickindia.com/
TechTose Software Solutions Pvt Ltd,10 - 49,"Indore, India",https://techtose.com/
Netstager Technologies Pvt. Ltd,50 - 249,"Kozhikode, India",https://www.netstager.com/
Mobinspire,50 - 249,"Palo Alto, United States",http://mobinspire.com/
ELGOSS PRIVATE LIMITED,2 - 9,"Varanasi, India",https://elgoss.com/
ACE Software n Web Solutions,10 - 49,"Thane, India",https://www.acesnws.com/
Pavans Group,10 - 49,"Vadodara, India",https://www.pavansgroup.com/
InventicSoft IT Solutions,10 - 49,"Lucknow, India",https://inventicsoft.com/
TECHVIFY,250 - 999,"Hanoi, Vietnam",https://techvify.com/
BoTree Technologies Pvt. Ltd.,50 - 249,"Ahmedabad, India",https://www.botreetechnologies.com/
Mercury Development,250 - 999,"Miami, United States",http://www.mercdev.com/
Rlogical Techsoft pvt ltd.,50 - 249,"Ahmedabad, India",http://www.rlogical.com/
Grid Dynamic,250 - 999,"Kyiv, Ukraine",https://www.griddynamics.com/
Incoders,2 - 9,"Nashik, India",http://incoders.com/
Codestore Technologies Pvt Ltd,50 - 249,"Noida, India",https://codestoresolutions.com/
ALFATEK,10 - 49,"Concord, United States",https://alfatek.team/
FortySeven Software Professionals,250 - 999,"London, United Kingdom",http://www.fortyseven47.com/
Appinventers,2 - 9,"Jaipur, India",https://www.appinventers.com/
Stalwart Info,10 - 49,"Ahmedabad, India",https://stalwartinfo.com/
Room 505,10 - 49,"Kirovohrad, Ukraine",https://room505vr.com/
CODESQUAD,10 - 49,"Jersey City, United States",https://codesquad.tech/
eWorks,10 - 49,"Yerevan, Armenia",https://www.e-works.am/
Insproud Technology,2 - 9,"Kolkata, India",https://www.insproud.in/
Webtrack Technologies,10 - 49,"Mohali, India",http://www.webtracktechnologies.com/
Aimprosoft,50 - 249,"Nicosia, Cyprus",https://www.aimprosoft.com/
Dreamer Technoland,10 - 49,"Noida, India",https://dreamertechnoland.com/
GigLabz Private Limited,50 - 249,"Bengaluru, India",http://www.giglabz.com/
Mitrais,250 - 999,"Singapore, Singapore",https://www.mitrais.com/softwaredevelopment
Volare Software,2 - 9,"Hilversum, Netherlands",https://volaresoftware.com/
ArhamSoft,50 - 249,"Lahore, Pakistan",https://www.arhamsoft.com/
Binaryfolks Pvt. Ltd.,10 - 49,"Kolkata, India",http://www.binaryfolks.com/
Teqfocus Consulting LLC,50 - 249,"NYC, United States",https://teqfocus.com/
SmartSmith Infotech,250 - 999,"London, United Kingdom",https://smartsmith.com/
Softronixs System Ltd.,50 - 249,"NYC, United States",https://softronixs.com/
Uniqcli,50 - 249,"Chicago, United States",https://getuniqcli.com/
Software Orca,50 - 249,"Dallas, United States",https://www.softwareorca.com/
Elegance IT Solution,10 - 49,"Dhaka, Bangladesh",https://eleganceit.co/
LO Technology Services Pvt. Ltd.,50 - 249,"Kottayam, India",http://lotech.in/
SmartSites,50 - 249,"Jersey City, United States",https://www.smartsites.com/digital-marketing-lp/?utm_source=goodfirms&utm_medium=referral&utm_campaign=goodfirms
Blueorbits,50 - 249,"Middletown, United States",https://www.blueorbits.com/
Raptor Mobile Apps,50 - 249,"Salisbury, United States",https://raptormobileapps.com/
Octos Global Solutions,10 - 49,"Ahmedabad, India",http://octosglobal.com/
JetThoughts LLC,10 - 49,"Walnut, United States",https://www.jetthoughts.com/
Sabertooth Technologies,10 - 49,"Nagpur, India",https://www.sabertoothtech.in/
Flyaps,10 - 49,"Dnipro, Ukraine",https://flyaps.com/
Evolved Ideas,50 - 249,"Leicester, United Kingdom",https://www.evolve-consultants.co.uk/
foxycode.tech,10 - 49,"Vinnytsya, Ukraine",https://foxycode.tech/
Storm Digital,2 - 9,"Woking, United Kingdom",https://storm.digital/
AI Software LLC,10 - 49,"Ahmedabad, India",http://www.aisoftwarellc.com/
Eliftech,50 - 249,"Lviv, Ukraine",https://www.eliftech.com/
Ominfowave Software Services Pvt Ltd,10 - 49,"Rajkot, India",https://www.ominfowave.com/
INC4,50 - 249,"Kyiv, Ukraine",https://inc4.net/
Aim Infosoft,2 - 9,"Ahmedabad, India",http://www.aiminfosoft.com/
Ingenious Agency,50 - 249,"Denver, United States",https://ingenious.agency/
Spiral Technolabs Pvt Ltd,10 - 49,"Ahmedabad, India",https://www.spiraltechnolabs.com/
Webential,10 - 49,"Sydney, Australia",https://www.webential.com/
Hupp Technologies Pvt. Ltd.,10 - 49,"Ahmedabad, India",https://hupp.tech/
Wise Vision,10 - 49,"Lviv, Ukraine",https://wisevision.com.ua/
HU Digital Labs,2 - 9,"Islamabad, Pakistan",https://hudigitallabs.com/
BIT Studios,10 - 49,"Dallas, United States",https://www.bitstudios.com/
Accubits,50 - 249,"Thiruvananthapuram, India",https://accubits.com/
UkrInSofT,10 - 49,"Lviv, Ukraine",https://ukrinsoft.com/
Appverticals,50 - 249,"Dallas, United States",https://www.appverticals.com/
Ekotek,50 - 249,"Hanoi, Vietnam",https://ekotek.vn/
Codup,50 - 249,"Houston, United States",https://codup.co/
Inshasis Technologies,10 - 49,"Himatnagar, India",https://inshasis.com/
Kush IT World,10 - 49,"Saharanpur, India",https://kushitworld.com/
Zudu,10 - 49,"Dundee, United Kingdom",http://zudu.co.uk/
Vofox Solutions,50 - 249,"Ernakulam, India",http://vofoxsolutions.com/
Intelegain Technologies,50 - 249,"Navi Mumbai, India",http://www.intelegain.com/
Michigan Software Labs,10 - 49,"Grand Rapids, United States",https://www.michiganlabs.com/
Bridgecode Technologies LLP,10 - 49,"Ahmedabad, India",http://www.thebridgecode.com/
Ankora Software,10 - 49,"Sarajevo, Bosnia and Herzegovina",http://www.ankorainc.com/
Techversantinfotech,50 - 249,"Thiruvananthapuram, India",https://www.techversantinfotech.com/about/#aboutTestSec
Trident Analytical Solutions,10 - 49,"Noida, India",https://tas.co.in/
SmartX Technologies,10 - 49,"Bengaluru, India",https://smartxtech.co/
Perimattic LLC,10 - 49,"San Francisco, United States",https://perimattic.com/
Dawntech Inc.,10 - 49,"Rio Grande do Sul, Brazil",https://dawntech.dev/
Alpharive Tech,50 - 249,"Madurai, India",https://www.alpharive.com/
BKPlus Software,50 - 249,"Hanoi, Vietnam",https://bkplussoft.com/
vi-tech,10 - 49,"London, United Kingdom",https://www.vi-tech.co/
Proven reality,10 - 49,"Riyadh, Saudi Arabia",https://provenreality.com/
Plex Bit Infosystems Pvt Ltd,10 - 49,"Amsterdam, Netherlands",https://pbinfosystems.com/
MLTech Soft,10 - 49,"Ho Chi Minh City, Vietnam",https://mltechsoft.com/
AppX,2 - 9,"Lisbon, Portugal",https://appx.pt/
SemiDot Infotech Pvt Ltd,50 - 249,"Boulder, United States",https://semidotinfotech.com/
Wappnet Systems,10 - 49,"Ahmedabad, India",https://wappnet.com/
Digicorp Information Systems Pvt.Ltd,50 - 249,"Ahmedabad, India",http://www.digi-corp.com/
kromeon,10 - 49,"Solana Beach, United States",http://kromeon.com/
Ptolemay,50 - 249,"Walnut, United States",https://ptolemay.com/
Sibers,50 - 249,"Bishkek, Kyrgyzstan",https://sibers.com/
DevelopWay CJSC,10 - 49,"Yerevan, Armenia",https://developway.org/
WebCodeGenie Technology Pvt Ltd,50 - 249,"Austin, United States",https://webcodegenie.com/
Horus Studio,10 - 49,"Montevideo, Uruguay",https://horus.com.uy/
Ropstam Solutions Inc.,50 - 249,"Islamabad, Pakistan",https://ropstam.com/
Versich,10 - 49,"London, United Kingdom",https://www.versich.com/
Infinanze Technologies,10 - 49,"Accra, Ghana",https://www.infinanze.com/
Summerhill Technologies Pvt. Ltd.,50 - 249,"Shimla, India",https://www.summerhilltechnologies.com/
JetSoftPro,50 - 249,"Lviv, Ukraine",https://jetsoftpro.com/
WeAreBrain,50 - 249,"Amsterdam, Netherlands",http://www.wearebrain.com/
Taazaa Inc,50 - 249,"Noida, India",https://taazaa.com/
QServices INC,50 - 249,"Mohali, India",http://www.qservicesit.com/
A3Logics,250 - 999,"Jaipur, India",https://www.a3logics.com/?utm_source=goodfirm&utm_medium=re
Dualboot Partners,250 - 999,"Charlotte, United States",https://www.dualbootpartners.com/
Infograins,50 - 249,"Indore, India",https://infograins.com/
YES IT Labs LLC,50 - 249,"Delhi, India",http://yesitlabs.com/
Weboconnect,10 - 49,"Delhi, India",https://weboconnect.com/
Devassistant,10 - 49,"Yerevan, Armenia",https://devassistant.pro/
Detach Solutions,10 - 49,"Austin, United States",https://www.detachsolutions.com/
Aalpha Information Systems India Pvt. Ltd.,50 - 249,"Bengaluru, India",https://www.aalpha.net/
Mindrops,50 - 249,"Delhi, India",https://www.mindrops.com/
Zealous System,50 - 249,"Ahmedabad, India",https://zealousys.com/?utm_source=goodfirms&utm_medium=listing
Startbit IT Solutions Pvt. Ltd.,50 - 249,"Jaipur, India",https://www.startbitsolutions.com/know-about-us/?ref=goodfirm
You are launched,10 - 49,"Dnipro, Ukraine",https://www.urlaunched.com/
Young Decade IT Software Solution,10 - 49,"Indore, India",https://www.youngdecade.com/
Vrinsoft Technology,50 - 249,"Ahmedabad, India",http://www.vrinsofts.com/
Hiredeveloper.dev,50 - 249,"Indore, India",https://hiredeveloper.dev/
Fresa Technologies,10 - 49,"Chennai, India",https://fresatechnologies.com/
Girman Technologies Pvt. Ltd.,10 - 49,"Bengaluru, India",https://www.girmantech.com/
XongoLab Technologies LLP,10 - 49,"Ahmedabad, India",https://www.xongolab.com/
Evernetica,10 - 49,"Zaporizhzhia, Ukraine",https://evernetica.com/
Bits Orchestra,50 - 249,"Lviv, Ukraine",https://bitsorchestra.com/
Techmango Technology Services Private Limited,50 - 249,"NYC, United States",https://www.techmango.net/
GMTA Software Solutions,10 - 49,"Jaipur, India",https://www.gmtasoftware.com/
KitRUM,250 - 999,"Tampa, United States",http://kitrum.com/
Next Big Technology(NBT),50 - 249,"Jaipur, India",http://nextbigtechnology.com/
THEY.dev,10 - 49,"London, United Kingdom",https://www.they.dev/
Snotor,50 - 249,"Riga, Latvia",https://snotor.pro/
iB Arts Pvt. Ltd.,50 - 249,"Pune, India",https://www.ibarts.in/
IndiaNIC,250 - 999,"Ahmedabad, India",https://www.indianic.com/?utm_campaign=Business-Directory&utm_source=Goodfirms&utm_term=Profile
Doers InfoSoft,10 - 49,"Ahmedabad, India",https://doersinfosoft.com/
Groovy Web,50 - 249,"Nadiad, India",https://www.groovyweb.co/?utm_source=goodfirms.co&utm_medium=referral&utm_campaign=directory
Octal IT Solution,50 - 249,"Jaipur, India",http://www.octalsoftware.com/?utm_source=Goodfirms&utm_medium=PaidLinks&utm_campaign=GoodfirmsPro
Nord Clan,250 - 999,"Ulyanovsk, Russia",https://nordclan.com/
DICEUS,250 - 999,"Wilmington, United States",https://diceus.com/
Brainium Information Technologies,50 - 249,"Kolkata, India",https://www.brainiuminfotech.com/
Slash Software,50 - 249,"Vadodara, India",https://slash.software/
Cowchain,50 - 249,"Warsaw, Poland",https://cowchain.io/
Zyneto,50 - 249,"Jaipur, India",https://zyneto.com/
SotaTek,"1,000 - 9,999","Hanoi, Vietnam",https://www.sotatek.com/
Growth Loops Technology Pvt Ltd,10 - 49,"Kolkata, India",https://growth-loop.io/
Strawberry Infotech,50 - 249,"Gurgaon, India",https://strawberryinfotech.com/hire-full-stack-developers/
Bamboo Apps,50 - 249,"Tallinn, Estonia",https://bambooapps.eu/
Synavos Solutions,50 - 249,"NYC, United States",https://www.synavos.com/
Evermore,2 - 9,"Sofia, Bulgaria",http://weareevermore.com/
Conceptik,10 - 49,"Varna, Bulgaria",https://conceptik.com/
Wild Codes,10 - 49,"Kyiv, Ukraine",https://wild.codes/
Scand Poland,10 - 49,"Warsaw, Poland",https://scand.com/
Axios,10 - 49,"Adelaide, Australia",http://axiosdev.com.au/
Cosairus,10 - 49,"Atlanta, United States",http://www.cosairus.com/
Start Matter,10 - 49,"Minsk, Belarus",https://startmatter.com/
EZtek Software,10 - 49,"Ho Chi Minh City, Vietnam",https://www.ezteksoftware.com/
Vavatech,10 - 49,"Warsaw, Poland",https://vavatech.eu/
STREAMS Solutions,10 - 49,"Sterling, United States",https://www.streamssolutions.com/
Diffiter,10 - 49,"Ahmedabad, India",https://diffiter.com/
amBrain,50 - 249,"Yerevan, Armenia",https://www.ambrain.org/
AAPGS PRIVATE LIMITED,10 - 49,"Madurai, India",https://aapgs.com/
JatApp,50 - 249,"Miami, United States",http://jatapp.com/
Synapse Team,10 - 49,"Zaporizhzhia, Ukraine",https://synapseteam.com/
4xxi,50 - 249,"London, United Kingdom",https://4xxi.com/en?utm_source=goodfirms&utm_medium=cpc&utm_campaign=gf-sales
Coderfy,10 - 49,"Kyiv, Ukraine",https://www.coderfy.com/
8allocate,50 - 249,"Tallinn, Estonia",https://8allocate.com/
CodigoDelSur,50 - 249,"Montevideo, Uruguay",https://www.codigodelsur.com/
LOVATA,10 - 49,"Poznan, Poland",https://lovata.com/
Excellis IT Pvt.Ltd,50 - 249,"Kolkata, India",https://www.excellisit.com/
Ingsoftware,50 - 249,"Central Serbia, Serbia",https://www.ingsoftware.com/
Neologix Software Solutions,50 - 249,"Thiruvananthapuram, India",https://neologix.ae/
GoDigitley,10 - 49,"Delhi, India",http://www.godigitley.com/
Ascenwork Technology,10 - 49,"Mumbai, India",https://www.ascenwork.com/
Xploited Media,2 - 9,"Anchorage, United States",https://xploited.media/website-design/
CodeInfluencer IT Solution LLP,2 - 9,"Surat, India",https://codeinfluencer.com/
Paramount Infosystem Pvt Ltd,10 - 49,"Delhi, India",https://www.paramountinfosystem.com/
Code Aligned,10 - 49,"Lahore, Pakistan",https://codealigned.com/
Roobinium corp,10 - 49,"Toronto, Canada",https://roobinium.ca/
Cropsly Solutions Private Limited,10 - 49,"Mohali, India",https://cropsly.com/
Attrecto,50 - 249,"Gyor, Hungary",http://attrecto.com/
Convergence,10 - 49,"Vancouver, Canada",http://cctech.io/
Orangedice Solutions FZC LLC,10 - 49,"Kochi, India",https://www.orangedice.ae/
Brainsmiths Labs,10 - 49,"Lucknow, India",https://www.brainsmiths.com/
Softqube Technologies Pvt. Ltd.,50 - 249,"Ahmedabad, India",https://www.softqubes.com/
True Value Infosoft Private Limited,10 - 49,"Jaipur, India",http://www.truevalueinfosoft.com/
Desuvit,10 - 49,"Oslo, Norway",https://www.desuvit.com/
GlobalNodes,10 - 49,"Studio City, United States",https://globalnodes.tech/
AIST Global,10 - 49,"Yerevan, Armenia",https://aist.global/en
Sourceved Technologies Pvt Ltd.,10 - 49,"Ahmedabad, India",http://www.sourceved.com/
Hepmade,10 - 49,"Kolkata, India",https://www.hepmade.com/
Studio Ubique,10 - 49,"Zwolle, Netherlands",https://www.studioubique.com/
TSC SOFTWARE ENGINEER STAFFING AGENCY IN VIETNAM,10 - 49,"Ho Chi Minh City, Vietnam",http://thestaffingcompany.asia/
Net Solutions,50 - 249,"Chandigarh, India",https://www.netsolutions.com/
"Cabot Technology Solutions, Inc",50 - 249,"Kochi, India",http://www.cabotsolutions.com/
Zazz,50 - 249,"Hyderabad, India",https://www.zazz.io/?utm_campaign=Goodfirms&utm_source=Goodfirms%20-%20Visit%20Website&utm_medium=referral&utm_term=Visit%20Website&utm_content=Visit%20Website
Danavero,50 - 249,"Kyiv, Ukraine",https://danavero.com/
Razom,10 - 49,"Odesa, Ukraine",https://razom.pro/
Art & Logic,50 - 249,"Pasadena, United States",https://artandlogic.com/
Kolosek,10 - 49,"Novi Sad, Serbia",https://kolosek.com/
Emipro Technologies Pvt Ltd,50 - 249,"Rajkot, India",https://www.emiprotechnologies.com/
RootQuotient,50 - 249,"Chennai, India",https://www.rootquotient.com/
RKWO,10 - 49,"London, United Kingdom",https://www.rkwo.com/
Devfortress,10 - 49,"Montreal, Canada",https://devfortress.com/
Skywinds Solutions,10 - 49,"Ahmedabad, India",https://skywinds.tech/
tsoftek llc,10 - 49,"Columbia (Maryland), United States",https://www.tsoftek.com/
Groove Jones,50 - 249,"Dallas, United States",https://www.groovejones.com/
Railsware,50 - 249,"Krakow, Poland",https://railsware.com/
BeKey Inc,10 - 49,"Kharkiv, Ukraine",http://bekey.io/
Axon,50 - 249,"Kyiv, Ukraine",http://www.axondevgroup.com/
Appdrawn,2 - 9,"Watford, United Kingdom",https://www.appdrawn.com/
Codica,10 - 49,"Kyiv, Ukraine",https://www.codica.com/
EC Infosolutions,10 - 49,"Pune, India",https://www.ecinfosolutions.com/
Buildable Custom Software & Web Design,10 - 49,"Portland, United States",http://www.buildableworks.com/
ONTID,10 - 49,"Minsk, Belarus",https://ontid.com/
Leotech,10 - 49,"Dhaka, Bangladesh",https://www.leotechbd.com/
Lorem Scriptum,50 - 249,"Singapore, Singapore",https://csssr.com/en
Infoloop Technologies,10 - 49,"Dover, United States",https://www.infoloop.co/
ABIT Technologies,10 - 49,"Brasov, Romania",https://abittechnologies.com/
Techxplore IT Solutions,10 - 49,"Ahmedabad, India",https://techxplore.io/
TechMagic,250 - 999,"Lviv, Ukraine",https://www.techmagic.co/
DNAMIC,50 - 249,"San Jose, Costa Rica",https://dnamic.ai/
Indus Net Technologies,250 - 999,"Kolkata, India",https://intglobal.com/
Codersera,10 - 49,"Greenwich, United Kingdom",https://codersera.com/
Sodio Technologies Pvt Ltd,10 - 49,"Bengaluru, India",https://sodio.tech/
Suria International Services Pte. Ltd.,50 - 249,"Singapore, Singapore",https://www.suriainternational.com/
Bladeware,10 - 49,"London, United Kingdom",https://bladeware.io/
Aelius Venture,10 - 49,"Ahmedabad, India",https://www.aeliusventure.com/
Click Labs,50 - 249,"Chandigarh, India",http://click-labs.com/
Dualnova,2 - 9,"Dover, United States",https://dualnova.org/
InovarTech,50 - 249,"Hyderabad, India",https://www.inovar-tech.com/
Narola Infotech,250 - 999,"Surat, India",http://www.narolainfotech.com/
Code District,50 - 249,"Washington DC, United States",https://www.codedistrict.com/?utm_source=goodfirms.com&utm_medium=referral&utm_campaign=directory
Vivasoft Limited,250 - 999,"Dhaka, Bangladesh",https://www.vivasoftltd.com/
JSbot,10 - 49,"Surat, India",http://jsbot.io/
Intellias,"1,000 - 9,999","Lviv, Ukraine",https://www.intellias.com/
TOPS Infosolutions Pvt. Ltd.,50 - 249,"Fremont, United States",http://www.topsinfosolutions.com/
Navtech,50 - 249,"Hyderabad, India",http://www.navtech.io/
RWaltz Group Inc.,50 - 249,"Hyderabad, India",http://www.rwaltz.com/
NeenOpal Inc.,10 - 49,"NYC, United States",https://www.neenopal.com/
Amar InfoTech,10 - 49,"Phoenix, United States",https://www.amarinfotech.com/
Queppelin,50 - 249,"Gurgaon, India",https://www.queppelin.com/
Ingenious App Studios,2 - 9,"London, United Kingdom",http://www.ingenious-app-studios.co.uk/
Digital Marketing Lab,10 - 49,"Kolkata, India",https://www.digitalmarketinglab.co.in/
Associative,10 - 49,"Pune, India",https://associative.in/
COAX Software,50 - 249,"Ivano-Frankivsk, Ukraine",https://coaxsoft.com/
Web Activ,2 - 9,"Voluntari, Romania",https://www.webactiv.ro/
MSN Global IT Solutions,10 - 49,"Lahore, Pakistan",https://msn-global.com/
Qbees Solutions,10 - 49,"Kharkiv, Ukraine",http://qbees.pro/
MobileUp,10 - 49,"Saint Petersburg, Russia",http://en.mobileup.ru/
Vivirhub.,10 - 49,"Ludhiana, India",http://www.vivirhub.com/
ElateSoftware,10 - 49,"Minsk, Belarus",http://elatesoftware.com/
6DegreesIT,50 - 249,"Indore, India",https://www.6degreesit.com/
DreamLabs Nig Ltd,10 - 49,"Abuja, Nigeria",https://www.dreamlabs.com.ng/
Infoxen,50 - 249,"Noida, India",https://www.infoxen.com/
Vizz Web Solutions,50 - 249,"Islamabad, Pakistan",https://www.vizzwebsolutions.com/
Wellcreator,10 - 49,"London, United Kingdom",https://wellcreator.com/
CodersGlobe,10 - 49,"London, United Kingdom",https://codersglobe.com/
Quacklabs Technologies,10 - 49,"Bhubaneswar, India",https://www.quacklabs.in/
NMT Technologies,50 - 249,"Greater Noida, India",https://www.nmttechnologies.com/
Networsys Technologies LLP,10 - 49,"Noida, India",https://www.networsys.com/
Digital Business Engine,2 - 9,"Gurgaon, India",https://digitalbe.in/
Crest Coder,10 - 49,"Ahmedabad, India",https://www.crestcoder.com/
Goldenmace IT Solutions,10 - 49,"Mumbai, India",http://goldenmace.com/
Velvetech LLC,250 - 999,"Sunny Isles, United States",https://velvetech.com/
Cerebrum Infotech,50 - 249,"Emeryville, United States",https://www.cerebruminfotech.com/
Skalfa,10 - 49,"Lake Oswego, United States",https://skalfa.com/
IRLIX,50 - 249,"Yerevan, Armenia",https://irlix.com/
Codevian Technologies Pvt Ltd,50 - 249,"Pune, India",http://codevian.com/
System Logic Solution,10 - 49,"Jaipur, India",http://systemlogicsolution.com/
10Clouds,50 - 249,"Warsaw, Poland",https://10clouds.com/
Thorgate,10 - 49,"Tallinn, Estonia",https://thorgate.eu/
AgileEngine,"1,000 - 9,999","City of Mexico, Mexico",https://agileengine.com/?utm_source=Goodfirms&utm_medium=listing_platform&utm_campaign&utm_content&utm_term
Finwin Technologies,50 - 249,"Singapore, Singapore",https://finwintech.com/
Modelit,10 - 49,"Montevideo, Uruguay",https://www.modelit.xyz/
TeaCode.io,50 - 249,"Warsaw, Poland",https://teacode.io/
Weybee Solutions Pvt Ltd,10 - 49,"Rajkot, India",https://www.weybee.com/
Expanice Soft,10 - 49,"Warsaw, Poland",https://expanice.com/
Alpha Bravo Development,10 - 49,"Miami, United States",https://www.alphabravodevelopment.com/
Raft,50 - 249,"Seattle, United States",http://raftds.com/
Ogma Inc.,50 - 249,"Glendale, United States",https://www.ogmainc.com/
Perfsol,10 - 49,"Lviv, Ukraine",https://perfsol.tech/
RIVO AGENCY,10 - 49,"Citrus Heights, United States",https://rivo.agency/
Activeone,50 - 249,"Orlando, United States",https://activeone.co/
Parallel Team Technologies Private Limited,50 - 249,"Noida, India",https://parallelteam.com/
IceFyre Solutions,10 - 49,Serbia,https://icefyresolutions.com/
EliteWebHub,10 - 49,"Ahmedabad, India",https://elitewebhub.com/
Addon Solutions Pvt Ltd.,50 - 249,"Ahmedabad, India",http://www.addonsolutions.com/
Intechcore,10 - 49,"Munich, Germany",http://en.intechcore.com/
Symphony Solution,50 - 249,"Pune, India",https://www.symphony-solution.com/
SYTOSS,50 - 249,"Bratislava, Slovakia",https://sytoss.com/
Sensiedge,10 - 49,"Petakh Tiqwa, Israel",https://www.sensiedge.com/
BBD Software Development,"1,000 - 9,999","Johannesburg, South Africa",http://www.bbdsoftware.com/
Pirimid Fintech,10 - 49,"Ahmedabad, India",https://pirimidtech.com/
eTechtics,10 - 49,"Lahore, Pakistan",http://www.etechtics.com/
WIS Software,50 - 249,"Tbilisi, Georgia country",https://wis.software/
Afonin.eu,2 - 9,"Kaunas, Lithuania",http://afonin.eu/
Idelsoft,10 - 49,"Tampa, United States",https://idelsoft.com/
Iriscan,2 - 9,"Tallinn, Estonia",https://iriscan.net/
Skew INfotech Pvt Ltd,2 - 9,"Coimbatore, India",https://www.skewinfotech.com/
FI ES Systems Pvt Ltd,10 - 49,"Thiruvananthapuram, India",https://www.fiessystems.com/
Ant Tech,10 - 49,"Gennevilliers, France",https://ant-tech.eu/
Matrix Infotech Solution,2 - 9,"Delhi, India",https://matrixinfotechsolution.com/
Technoheaven,50 - 249,"Billimora, India",https://www.technoheaven.net/
Zylon Pty. Ltd.,2 - 9,"Gold Coast, Australia",https://www.zylon.com.au/
Logamic s.r.o.,50 - 249,"Bratislava, Slovakia",https://www.logamic.com/
Voypost,10 - 49,"Berlin, Germany",https://www.voypost.com/?utm_source=goodfirms.co&utm_medium=referral&utm_campaign=20240326_goodfirms-bio
Bytes Evolution Systems,10 - 49,"Tiruchirappalli, India",https://www.bytesevolution.com/
DIV Motion,2 - 9,"Sofia, Bulgaria",https://divmotion.com/
Localscope,2 - 9,"Athens, Greece",https://localscope.dev/
Nile United,2 - 9,"Mohandessin, Egypt",https://www.nileunited.com/
TeknoVerse,2 - 9,"Melbourne, Australia",https://teknoverse.com/
InnBlockchain,10 - 49,"Madurai, India",https://www.innblockchain.com/
Koderly,10 - 49,"Manchester, United Kingdom",https://www.koder.ly/
Elint,10 - 49,"Florianopolis, Brazil",https://www.elint.io/
Sigzen Technologies,10 - 49,"Ahmedabad, India",https://www.sigzen.com/
Lab42,10 - 49,"London, United Kingdom",https://lab42.dev/en
CodeSol Technologies,2 - 9,"Austin, United States",https://www.codesoltech.com/
Gyaanio Media,10 - 49,"Dubai, UAE",https://gyaaniomedia.com/
Foundrex,10 - 49,"NYC, United States",https://www.foundrexlabs.com/
TECUNIQUE PRIVATE LIMITED,10 - 49,"Vadodara, India",https://tecunique.com/
Conversant Technologies,2 - 9,"Rajkot, India",https://conversantech.com/
Innovify,50 - 249,"London, United Kingdom",http://innovify.com/
SKY INCOM,10 - 49,"Minsk, Belarus",https://sky-incom.com/
APPWRK IT Solutions Private Limited,50 - 249,"Mohali, India",https://appwrk.com/
Copperchips,50 - 249,"Noida, India",https://copperchips.com/
INGIC,50 - 249,"San Diego, United States",https://www.ingic.com/
AResourcePool,50 - 249,"Noida, India",https://www.aresourcepool.com/
Excelsior Technologies,10 - 49,"Ahmedabad, India",http://www.excelsiortechnologies.com/
XApps Solutions,10 - 49,"Cairo, Egypt",http://www.xapps.co/
Elantratech,10 - 49,"Cambridge, United Kingdom",https://elantratech.uk/
Matiyas Solutions,10 - 49,"Ahmedabad, India",https://www.matiyas.com/
Brand Metrics Fintech Pvt Ltd,10 - 49,"Jaipur, India",https://www.brandmetrics.in/
OCloud Solutions,10 - 49,"Sheridan, United States",https://ocloudsolutions.net/
iBOS Limited,50 - 249,"Dhaka, Bangladesh",https://ibos.io/
Excent Solutions,10 - 49,"Zirakpur, India",https://www.excentsolutions.com/
Zehntech Technologies Private Limited,50 - 249,"Laguna Beach, United States",https://www.zehntech.com/
Cuttlesoft,10 - 49,"Denver, United States",https://cuttlesoft.com/
Startechup,10 - 49,"Cebu City, Philippines",https://www.startechup.com/
Flatlogic,10 - 49,"Warsaw, Poland",https://flatlogic.com/about
Sphinx Worldbiz Limited,250 - 999,"Noida, India",http://www.sphinxworldbiz.net/
JetBridge,10 - 49,"San Francisco, United States",https://www.jetbridge.com/
54origins,10 - 49,"Minsk, Belarus",https://54origins.com/
Webo App Discovery Limited,10 - 49,"Zirakpur, India",https://weboappdiscovery.com/
DOIT Software,10 - 49,"Kyiv, Ukraine",https://doit.software/
Relia Software,10 - 49,"Ho Chi Minh City, Vietnam",https://reliasoftware.com/
Binariks Inc,50 - 249,"Lviv, Ukraine",http://www.binariks.com/
01Synergy,10 - 49,"Ludhiana, India",http://01synergy.com/
Henceforth Solutions Pvt Ltd,50 - 249,"Mohali, India",https://henceforthsolutions.com/
"Ezulix Software Pvt, Ltd.",50 - 249,"London, United Kingdom",https://ezulix.co.uk/
Naestinn,10 - 49,"Noida, India",https://www.naestinn.com/
SoftXPro,50 - 249,"Bucharest, Romania",https://softx.pro/
Intellectsoft,50 - 249,"NYC, United States",https://www.intellectsoft.net/
Dogtown Media,10 - 49,"Venice, United States",http://www.dogtownmedia.com/
Abstract Softweb,50 - 249,"Santa Clara, United States",http://www.abstractsoftweb.com/
SkyQuest,10 - 49,"Karachi, Pakistan",https://www.skyquestcorp.com/
Mypcot Infotech Private Limited,10 - 49,"Mumbai, India",https://www.mypcot.com/
Your Team in India,50 - 249,"Mohali, India",https://www.yourteaminindia.com/
Zimalab,10 - 49,"Astana, Kazakhstan",https://zimalab.com/
Genesis IT Lab,50 - 249,"Islamabad, Pakistan",https://www.genesislab.com/
Avya Technology Pvt Ltd,10 - 49,"Noida, India",https://www.avyatech.com/
NAVINES,10 - 49,"Petakh Tiqwa, Israel",https://www.navines.com/
Noventum Custom Software Development Company,2 - 9,"Albuquerque, United States",https://www.noventum.us/
Expertinasia Pvt. Ltd.,10 - 49,"Indore, India",https://www.expertinasia.com/
Digittrix,10 - 49,"Chandigarh, India",https://digittrix.com/
Aabiz Solutions,2 - 9,"NYC, United States",https://www.aabizsol.com/
Polygon Technology,10 - 49,"Dhaka, Bangladesh",https://polygontech.xyz/
Modern Day Strategy,2 - 9,"Ankeveen, Netherlands",https://www.moderndaystrategy.com/
Xpatech Solutions,50 - 249,"London, United Kingdom",https://xpatech.co.uk/
Press Start Evolution,10 - 49,"Punta del Este, Uruguay",https://www.pressstartevolution.com/
Wawandco,10 - 49,"Barranquilla, Colombia",https://wawand.co/?utm_source=goodfirms
Mobiweb Technologies Pvt Ltd,Freelancer,"Indore, India",https://www.mobiwebtech.com/
Kintu Designs Pvt. Ltd.,10 - 49,"Surat, India",http://kintudesigns.com/
Sphere Rays Technolabs Pvt Ltd,10 - 49,"Rajkot, India",https://sphererays.com/
Cubet Techno Labs,50 - 249,"Kochi, India",http://cubettech.com/
Netsol IT Solutions Pvt. Ltd,50 - 249,"Surat, India",https://netsolitsolution.com/
AEGONA LTD,50 - 249,"Ho Chi Minh City, Vietnam",https://www.aegona.com/
Clavis Technologies Pvt Ltd,50 - 249,"Noida, India",http://www.clavistechnologies.com/
Taction Software LLC,10 - 49,"Tomball, United States",https://www.tactionsoftware.com/
AXON ACTIVE,250 - 999,"Ho Chi Minh City, Vietnam",https://axonactive.com/
Level 12,10 - 49,"Jeffersonville, United States",https://www.level12.io/
TPS Software Corp.,50 - 249,"Ho Chi Minh City, Vietnam",https://www.tpssoft.com/
Protovo Solutions LLP,10 - 49,"Jaipur, India",https://www.protovosolutions.com/
Element Media,10 - 49,"Beit Jala, Palestinian Territory Occupied",https://element.ps/
TheMadFox,10 - 49,"Casper, United States",https://themadfox.com/
Mediasoft Data Systems Limited,50 - 249,"Dhaka, Bangladesh",https://mediasoftbd.com/
Prograils,10 - 49,"Komorniki, Poland",https://prograils.com/
PLDEVS.COM,10 - 49,"Wroclaw, Poland",http://www.pldevs.com/
Envion Software,50 - 249,"Kharkiv, Ukraine",https://envionsoftware.com/
Pulilab,10 - 49,"Budapest, Hungary",http://www.pulilab.com/
Crypton Studio LLC,50 - 249,"Riga, Latvia",https://crypton.studio/
KindGeek Software,50 - 249,"Lviv, Ukraine",http://kindgeek.com/
Emerline,250 - 999,"Miami, United States",https://emerline.com/contact-us?utm_source=goodfirms.co&utm_medium=referral&utm_campaign=contact-us&utm_content=listing
1985,10 - 49,"Bengaluru, India",http://1985.co.in/
Synotive,50 - 249,"Melbourne, Australia",https://www.synotive.com/
Reetek,10 - 49,"Melbourne, Australia",http://reetek.com.au/
Softjourn,250 - 999,"Fremont, United States",https://softjourn.com/en#1
appsolute GmbH,10 - 49,"Worth, Germany",https://www.appsolute.de/en/
Appsimity Solutions,10 - 49,"Mohali, India",http://www.appsimity.com/
VividMind,10 - 49,"Budapest, Hungary",https://vividmindsoft.com/
"Ingenuity Global Consulting, Inc.",10 - 49,"Davao City, Philippines",https://ingenuity.ph/
Intent Solutions Group,50 - 249,"Lviv, Ukraine",https://www.intentsg.com/
Entelect,250 - 999,"Johannesburg, South Africa",http://www.entelect.co.za/
GoBoutique OU,2 - 9,"Tallinn, Estonia",http://goboutique.software/
ASP.Net Zero Developers,10 - 49,"Lahore, Pakistan",http://www.aspnetzerodevelopers.com/
Clerisy Solutions Private Limited,50 - 249,"Mohali, India",https://www.clerisysolutions.com/
Tappointment Kft.,10 - 49,"Budapest, Hungary",https://www.tappointment.com/
DevBrother,50 - 249,"Gdansk, Poland",https://devbrother.com/
Appmocx Pvt Ltd,10 - 49,"Bengaluru, India",https://appmocx.com/
Datics AI,50 - 249,"Austin, United States",https://datics.ai/
Sygnisoft S.A.,10 - 49,"Warsaw, Poland",https://sygnisoft.com/
Alora Labs Inc.,2 - 9,"Markham, Canada",https://aloralabs.com/
Code Fusion,2 - 9,"Nairobi, Kenya",https://codefusion.co.ke/
Simlabs Inc.,10 - 49,"Tampa, United States",https://www.sim-labs.com/
Insoft Global,50 - 249,"Kharkiv, Ukraine",https://insoft-global.com/
"Strand Management Solutions, Inc.",2 - 9,"Jersey City, United States",https://strandmanagement.com/
Innovecs Supply Chain,250 - 999,"London, United Kingdom",https://innovecs.com/industries/supply-chain/
Myware Pte Ltd,10 - 49,"Singapore, Singapore",https://myware.asia/
DataPollex,10 - 49,"Chattogram, Bangladesh",https://www.datapollex.com/
Safeberry,2 - 9,"Belgrade, Serbia",https://www.safeberry.net/
Genship Technologies Private Limited,10 - 49,"Visakhapatnam, India",https://genshiplive.com/
Random Forest,2 - 9,"Bhopal, India",https://randomforest.in/
Shazra Labs,2 - 9,"Erode, India",https://shazralabs.com/
Conectia PRO,10 - 49,"Barcelona, Spain",https://conectia.pro/
Traviyo,10 - 49,"Noida, India",https://traviyo.com/
Beehive Software,50 - 249,"San Jose, United States",https://www.beehivesoftware.com/
Solution Analysts,50 - 249,"Ahmedabad, India",http://www.solutionanalysts.com/
Warals Technology,10 - 49,"Delhi, India",http://warals.com/
Sophy e-Technologies,10 - 49,"Jaipur, India",https://www.sophytechnologies.com/
18Pixels India Pvt Ltd.,50 - 249,"Noida, India",http://www.18pixels.com/
Coruscate Solutions Pvt Ltd,50 - 249,"Surat, India",https://www.coruscatesolution.com/
Taksh IT Solutions Pvt Ltd,10 - 49,"Noida, India",https://takshitsolutions.com/
KIR Chain Labs,50 - 249,"Ladywood, United Kingdom",https://www.kirhyip.com/
Bit 64 Solutions,2 - 9,"Edenvale, South Africa",https://www.bit64.co/
Nitsync Global Solutions,10 - 49,"Visakhapatnam, India",http://nitsync.com/
Spericorn Technology,50 - 249,"Thiruvananthapuram, India",https://www.spericorn.com/
TTT Studios,10 - 49,"Vancouver, Canada",https://ttt.studio/
Whitesmith,10 - 49,"London, United Kingdom",https://www.whitesmith.co/
Shine Infosoft,50 - 249,"Ahmedabad, India",http://shineinfosoft.in/
Foldcode Solutions,10 - 49,"Mohali, India",https://www.foldcode.com/
Pragmatic DLT inc,10 - 49,"Dover, United States",https://pragmaticdlt.com/
Pragmatic Solutions Inc,10 - 49,"Coimbatore, India",https://www.pragmaticsolutioninc.com/
Pitangent,10 - 49,"Kolkata, India",https://pitangent.com/
Phelix Info Solution,10 - 49,"Jaipur, India",http://www.phelixinfosolutions.com/
Rackron Technologies Pvt. Ltd,10 - 49,"Chandigarh, India",http://www.rackron.com/
Talentelgia Technologies Private Limited,50 - 249,"Mohali, India",https://www.talentelgia.com/
Bright Byte,2 - 9,"Miami, United States",https://thebrightbyte.com/
Clicktap Digital Technology,50 - 249,"Dubai, UAE",https://www.clicktap.ae/
Ucodice Technologies Pvt. Ltd.,10 - 49,"Delhi, India",https://www.ucodice.com/
Idea2Code Infotech LLP,10 - 49,"Surat, India",https://idea2codeinfotech.com/
Eastern Peak,50 - 249,"Kharkiv, Ukraine",http://easternpeak.com/
Techila Global Services,50 - 249,"Boca Raton, United States",https://techilaservices.com/
LotusCrew Technologies,2 - 9,"Saharanpur, India",https://www.lotuscrew.tech/
Atlasiko,50 - 249,"Philadelphia, United States",https://atlasiko.com/
Bytrix Technologies,50 - 249,"Fort Myers, United States",https://bytrix.com/
Biztacs Technology,2 - 9,"Nadiad, India",http://biztacs.com/
BLK Labs,10 - 49,"Abuja, Nigeria",https://blklabs.co/
RedLizard Studioz Inc.,50 - 249,"Livermore, United States",http://redlizardstudioz.com/
Tech9,50 - 249,"Lehi, United States",https://www.tech9.com/
Tarka Labs,10 - 49,"Chennai, India",https://tarkalabs.com/
CleverDev Software,50 - 249,"Austin, United States",https://www.cleverdevsoftware.com/
Karmsoft,10 - 49,"Ahmedabad, India",http://www.karmsoft.com/
Blur Effect,10 - 49,"Puerto Colombia, Colombia",https://blureffect.co/
Lerpal,50 - 249,"Jersey City, United States",https://lerpal.com/
McBird Technologies Pvt Ltd,50 - 249,"Bengaluru, India",https://mcbirdtechnologies.com/
LogicLumin software pvt ltd,10 - 49,"Bengaluru, India",https://logicluminsoftware.com/
Roars Technologies Pvt. Ltd.,10 - 49,"Bengaluru, India",https://www.roarsinc.com/
Right Balance,50 - 249,"Santa Monica, United States",https://rightbalance.io/
Pseudosquare,2 - 9,"Lahore, Pakistan",https://www.pseudosquare.com/
Businessware Technologies,50 - 249,"League City, United States",http://businesswaretech.com/
CipherCross,10 - 49,"Tallinn, Estonia",https://ciphercross.com/
TriggerAppy,2 - 9,"Belfast, United Kingdom",https://triggerappy.co.uk/
WebMagic Agency,10 - 49,"London, United Kingdom",https://webmagic.agency/?utm_source=GF&utm_medium=Profile
TensorSoft Ai,10 - 49,"Noida, India",https://www.tensorsoft.ai/
Apporio Infolabs Pvt Ltd,50 - 249,"Gurgaon, India",https://www.apporio.com/
Ardan Labs,10 - 49,"Doral, United States",https://www.ardanlabs.com/
Layer 7 Innovations Inc.,10 - 49,"Toronto, Canada",https://www.layer7innovations.com/
Spiral Scout,50 - 249,"San Francisco, United States",https://spiralscout.com/
Technoduce Info Solutions Pvt Ltd,50 - 249,"Coimbatore, India",https://www.technoduces.com/
OptimumBrew Technology,10 - 49,"Surat, India",http://optimumbrew.com/
Tech Celerity Global Solutions Pvt. Ltd.,10 - 49,"Ahmedabad, India",http://www.techcelerity.com/
eSparkBiz Technologies Pvt. Ltd,50 - 249,"Ahmedabad, India",https://www.esparkinfo.com/
Canopus Infosystems,50 - 249,"Indore, India",http://canopusinfosystems.com/
VIBIDSOFT,10 - 49,"Ahmedabad, India",http://www.vibidsoft.com/
Inwizards,10 - 49,"Tampa, United States",http://www.inwizards.com/
Tulipshree Infotech,10 - 49,"Jaipur, India",https://www.tulipshree.com/
VRS Technologies LLC,50 - 249,"Dubai, UAE",https://www.vrstech.com/
Squareboat,50 - 249,"San Francisco, United States",https://squareboat.com/
Kliff Technologies,10 - 49,"Delhi, India",https://klifftechnologies.com/
Chawtech Solutions Pvt. Ltd.,50 - 249,"Noida, India",https://www.chawtechsolutions.com/
BCoder Castle,10 - 49,"Mohali, India",http://b-coder.com/
DDSN Interactive,2 - 9,"Melbourne, Australia",https://ddsn.com/
SigmaSolve,250 - 999,"Sunrise, United States",https://www.sigmasolve.com/
HectaData,10 - 49,"Kuala Lumpur, Malaysia",https://hectadata.com/?utm_source=Goodfirms&utm_medium=listing
The HumanBots,10 - 49,"Lahore, Pakistan",https://thehumanbots.co/
M TECHUB LLc,50 - 249,"Rawalpindi, Pakistan",https://mtechub.com/
Dotix,50 - 249,"Sheridan, United States",https://dotix.co/
Tanθ Software Studio,10 - 49,"Surat, India",https://tanthetaa.com/
Aimdek Technologies,50 - 249,"Ahmedabad, India",http://aimdek.com/
Nilecode,10 - 49,"Cairo, Egypt",http://www.nilecode.com/
Tegility,50 - 249,"Austin, United States",https://tegility.com/
One Beyond,250 - 999,"London, United Kingdom",https://www.one-beyond.com/
Stable Kernel,10 - 49,"Atlanta, United States",https://stablekernel.com/
My Virtual Teams,50 - 249,"Ludhiana, India",http://myvirtualteams.com/
Macopedia Sp. z o.o.,50 - 249,"Poznan, Poland",https://www.macopedia.com/
Sunvera Software,10 - 49,"Irvine, United States",https://sunverasoftware.com/
Smart Thinking,10 - 49,"Distrito Federal, Mexico",https://smartthinking.mx/
Aegis Softtech,50 - 249,"Rajkot, India",http://www.aegissofttech.com/
ASSIST Software,250 - 999,"Suceava, Romania",https://assist-software.net/
Aciety,10 - 49,"Kaunas, Lithuania",https://aciety.com/
Adrobit Technologies LLP,2 - 9,"Kolkata, India",https://www.adrobit.com/
AlignMinds Technologies,50 - 249,"Kochi, India",https://alignminds.com/
Prishusoft,10 - 49,"Ahmedabad, India",https://www.prishusoft.com/
Commutatus,10 - 49,"Chennai, India",https://www.commutatus.com/
LionForce Technologies Pvt Ltd,10 - 49,"Chennai, India",http://lionforce.net/
Microkodes Information & Technologies Ltd,10 - 49,"Dhaka, Bangladesh",https://microkodes.com/
Apps-on Technologies,10 - 49,"Indore, India",https://www.appsontechnologies.in/
Boston Unisoft Technologies Inc,10 - 49,"Brattleboro, United States",https://boston-unisoft.com/
DQ Australia,50 - 249,"Perth, Australia",https://www.dqaustralia.com/
Knovator Technologies,10 - 49,"Surat, India",https://knovator.com/
Designfy,10 - 49,"al-Jizah, Egypt",https://designfy.net/en
SystemPlus,10 - 49,"Eugene, United States",https://systemplus.co/
Logica Beans Pvt. Ltd.,10 - 49,"Kathmandu, Nepal",https://www.logicabeans.com/
.doCode,50 - 249,"Tallinn, Estonia",https://docode.dev/
Nayla Labs,10 - 49,"Samsun, Turkey",https://www.naylalabs.com/
Dwellfox,50 - 249,"Indore, India",https://www.dwellfox.com/
FreySoft,50 - 249,"Kyiv, Ukraine",https://freysoft.com/
Kryptobees,250 - 999,"Madurai, India",https://www.kryptobees.com/
Clementius LLP,10 - 49,"Ahmedabad, India",https://www.clementius.com/
Integrity Vision,50 - 249,"Kyiv, Ukraine",https://integrity-vision.com/
Peafowl IT Solution,50 - 249,"Ahmedabad, India",https://peafowlit.com/
CodeIT 365,10 - 49,"Sunshine Coast, Australia",https://codeit365.com/
Viso,10 - 49,"Lviv, Ukraine",https://www.viso.software/#About-Us
Mobilityinfotech,10 - 49,"Gurgaon, India",https://www.mobilityinfotech.com/
Logicbric,10 - 49,"London, United Kingdom",https://www.logicbric.com/
Confidence Technology,50 - 249,"Kyiv, Ukraine",https://confidence-tech.com/
Avlia IT Solution,10 - 49,"Morbi, India",https://avliaitsolution.com/
Komkor Service,10 - 49,"Lviv, Ukraine",https://apps.komkor.in.ua/en
Codemarine Technologies,2 - 9,"Agra, India",https://www.codemarine.in/
Bright Future Soft,10 - 49,"Dhaka, Bangladesh",https://www.brightfuturesoft.com/
Aktwins Software Services,2 - 9,"Coimbatore, India",https://aktwins.com/
AAHA Solutions,50 - 249,"Puducherry, India",https://aahasolutions.com/
Rozdoum,10 - 49,"Kharkiv, Ukraine",http://www.rozdoum.com/
Ideas2IT Technologies,250 - 999,"Plano, United States",https://www.ideas2it.com/?utm_source=goodfirms&utm_medium=referral&utm_campaign=directory
Daxima,50 - 249,"Orinda, United States",https://www.daxima.com/
Novatore Solutions,10 - 49,"Lahore, Pakistan",http://novatoresols.com/
Altoros,250 - 999,"Pleasanton, United States",https://www.altoros.com/
Envative,10 - 49,"Rochester, United States",http://www.envative.com/
TP&P Technology,50 - 249,"Ho Chi Minh City, Vietnam",http://www.tpptechnology.com/
SECL Group,50 - 249,"Amsterdam, Netherlands",https://seclgroup.com/
Xorbix technologies,10 - 49,"Hartland, United States",http://xorbix.com/
YellowFish Digital Innovations,10 - 49,"Kochi, India",https://yellowfish.in/
TATEEDA GLOBAL LLC,50 - 249,"San Diego, United States",http://tateeda.com/
NGenious Solutions,50 - 249,"Jersey City, United States",https://ngenioussolutions.com/
Aptera,50 - 249,"Cannock, United Kingdom",https://www.apterainc.com/
Exposit,50 - 249,"Gdansk, Poland",https://www.exposit.com/
iFour Technolab Pvt. Ltd.,50 - 249,"Ahmedabad, India",http://www.ifourtechnolab.com/
OutsourcingDev,Freelancer,"Cordoba, Argentina",http://www.outsourcingdev.com/
IT Engine,10 - 49,"Novi Sad, Serbia",https://www.itengine.rs/
Pratiti Technologies Pvt Ltd.,10 - 49,"Pune, India",https://www.pratititech.com/
Acropolis Infotech Private Limited,50 - 249,"Delhi, India",https://www.acropolisinfotech.com/
astarios,10 - 49,"Zurich, Switzerland",https://astarios.com/
Avantika Infotech,2 - 9,"Ahmedabad, India",http://www.avantikainfotech.com/
Uapp,50 - 249,"Wilmington, United States",https://uapp.group/
Vorealis Software,2 - 9,"San Jose, Costa Rica",https://www.vorealis.com/
Icanio Technologies,10 - 49,"Claymont, United States",https://www.icanio.com/
ZXSCRIPT,2 - 9,"NYC, United States",https://zxscript.com/
Leading Edge Business Solutions (Pty) Ltd,10 - 49,"Johannesburg, South Africa",https://www.ledge.co.za/
Optymize,10 - 49,"Santa Monica, United States",https://www.optymize.io/
Murphy Consulting LLC,10 - 49,"Mountain Home, United States",https://murphyconsulting.us/
Logix Shapers Offshore Services Pvt. Ltd.,10 - 49,"Noida, India",https://logixshapers.com/
MetaProject,10 - 49,"Odesa, Ukraine",https://metaproject.pro/
Difinity,250 - 999,"Brooklyn, United States",https://www.thedifinity.com/
BizSol Technologies LLC,10 - 49,"Islamabad, Pakistan",https://bizsoltech.com/
CodersBucket,10 - 49,"Dhaka, Bangladesh",https://codersbucket.com/
ThinkWeb,10 - 49,"Sofia, Bulgaria",https://thinkweb.io/
PoxPen,2 - 9,"Istanbul, Turkey",https://www.poxpen.com/
Teratis Solutions GmbH,2 - 9,"Hamburg, Germany",https://teratis.de/
Kinetikalabs,10 - 49,"Pune, India",https://www.kinetikalabs.com/
Fcode Labs,50 - 249,"Singapore, Singapore",https://www.fcodelabs.com/
Xpertlogic,10 - 49,"Noida, India",https://xpertlogic.com/
Jcentrix,50 - 249,"Noida, India",https://jcentrix.tech/
Codolis,2 - 9,"Eindhoven, Netherlands",https://codolis.nl/
inteliScience,10 - 49,"Cluj-Napoca, Romania",https://inteliscience.net/
Regal Streaming Solution,10 - 49,"Ahmedabad, India",https://regalstreamingsolutions.com/
KREATIV KONCEPTION,2 - 9,"Paris, France",https://www.kreativkonception.com/
Rocky Soft Inc.,2 - 9,"Calgary, Canada",https://rockysoft.ca/
Panda Code Gen,2 - 9,"Austin, United States",https://pandacodegen.com/
UNL Solutions,50 - 249,"Loughborough, United Kingdom",https://unl.solutions/
Brainmine Web Solutions,50 - 249,"Pune, India",https://www.brainminetech.com/
Metwaves Technologies,10 - 49,"Ahmedabad, India",https://www.metwaves.com/
ALEAIT SOLUTIONS PVT. LTD.,10 - 49,"Jaipur, India",https://www.aleaitsolutions.com/
Offshore IT Staffing,50 - 249,"Ludhiana, India",http://www.offshoreitstaffing.com/
IconicTek,50 - 249,"Minneapolis, United States",https://iconictek.com/
L4 STUDIO,10 - 49,"Ho Chi Minh City, Vietnam",https://l4studio.net/
Mobylogix,10 - 49,"Los Angeles, United States",https://mobylogix.com/
NetLS LLC,10 - 49,"Ivano-Frankivsk, Ukraine",http://www.netls.com.ua/
Rootsquare Technologies,10 - 49,"Petaling Jaya, Malaysia",http://www.rootsquaretechnologies.com/
Appomart,10 - 49,"Belgrade, Serbia",https://appomart.com/
Etnocode,10 - 49,"Kyiv, Ukraine",https://etnocode.com.ua/
Teksolto Softwares,10 - 49,"Pune, India",http://www.teksolto.com/
Mendios Technologies,10 - 49,"Sunnyvale, United States",https://mendios.com/
Cheeky Monkey Media Inc,10 - 49,"Calgary, Canada",https://cheekymonkeymedia.ca/
infiCare Technologies,50 - 249,"Noida, India",http://www.inficaretech.com/
FewerClicks,10 - 49,"Keller, United States",https://fewerclicks.co/
Timbergrove,10 - 49,"Houston, United States",https://www.timbergrove.com/
Everlink,10 - 49,"Lviv, Ukraine",https://everlink.tech/
Web30India,50 - 249,"Ahmedabad, India",https://web30india.com/
SoftKraft,10 - 49,"Bielsko-Biala, Poland",https://www.softkraft.co/
SapientPro,50 - 249,"Tallinn, Estonia",https://sapient.pro/
Decabits,10 - 49,"Delhi, India",https://decabits.com/
Devima Solutions,10 - 49,"Lviv, Ukraine",http://www.devima.solutions/
Actiknow Consulting Pvt Ltd,50 - 249,"Delhi, India",http://www.actiknow.com/
DataSlexIndia,50 - 249,"Delhi, India",https://www.dataslexindia.com/
Metric Tree Labs,50 - 249,"Kochi, India",https://metrictreelabs.com/
Codelynx Software,250 - 999,"Ho Chi Minh City, Vietnam",https://www.codelynx.io/
Corpsoft Solutions,50 - 249,"Wilmington, United States",https://corpsoft.io/
AvierIT Tech Private Limited,10 - 49,"Manhattan, United States",https://avierittech.com/
Tecziq Solutions Pvt Ltd,10 - 49,"Delhi, India",http://www.tecziq.com/
IOanyT Innovations Private Limited,10 - 49,"Delaware, United States",https://www.ioanyt.com/
DevLabs,10 - 49,"Graz, Austria",https://devlabs.at/contact-us/
Genius Software,50 - 249,"Tallinn, Estonia",https://geniussoftware.net/
SPEC INDIA,250 - 999,"Ahmedabad, India",https://www.spec-india.com/?utm_source=Business%20Directory&utm_medium=Referral&utm_campaign=Goodfirms
Miracuves Solution,50 - 249,"Mumbai, India",https://miracuves.com/
Andersen Inc.,"1,000 - 9,999","Warsaw, Poland",https://andersenlab.com/?utm_source=catalog&utm_medium=goodfirms.co
TechWize,250 - 999,"NYC, United States",https://techwize.com/?utm_source=goodfirms&utm_medium=review_site&utm_campaign=software_services&utm_content=website&utm_term=web_app_software_development
Capital Numbers,250 - 999,"Kolkata, India",https://www.capitalnumbers.com/
Kyanon Digital,250 - 999,"Ho Chi Minh City, Vietnam",https://kyanon.digital/
Tvisha Technologies Inc,50 - 249,"Hyderabad, India",http://www.tvisha.com/
AI solutions,10 - 49,"Almaty, Kazakhstan",https://aisolutions.kz/
ScalaCode,50 - 249,"Noida, India",https://www.scalacode.com/
Pieoneers,10 - 49,"Vancouver, Canada",https://pieoneers.com/
SOLAR Digital,10 - 49,"Odessa, Ukraine",https://www.solar-digital.com/
CDN Solutions Group,250 - 999,"Indore, India",https://www.cdnsol.com/
ZipNom Technologies Private Limited,10 - 49,"Hyderabad, India",https://zipnom.com/
Softkingo,50 - 249,"Noida, India",https://www.softkingo.com/
Technoloader Pvt Ltd,50 - 249,"Jaipur, India",https://www.technoloader.com/
XB Software,50 - 249,"Warsaw, Poland",https://xbsoftware.com/
Zamratech,50 - 249,"Karachi, Pakistan",https://zamratech.com/
IIH Global,50 - 249,"London, United Kingdom",https://www.iihglobal.com/
PieSoft,50 - 249,"Bethlehem, United States",https://piesoft.us/
Kanerika Inc.,250 - 999,"Austin, United States",https://kanerika.com/
Datazo InfoTech,10 - 49,"Dhaka, Bangladesh",https://www.datazoinfotech.com.bd/
Tech2Globe Web Solutions LLP,50 - 249,"Noida, India",https://www.tech2globe.com/
NaNLABS,50 - 249,"Buenos Aires, Argentina",https://www.nan-labs.com/
Dedicated Developers,50 - 249,"Atlanta, United States",http://www.dedicateddevelopers.com/?utm_campaign=Review+Sites&utm_source=Good+Firms&utm_medium=Main+Profile
Cody Solutions,50 - 249,"Odessa, Ukraine",https://codysolutions.com/
Qrious Tech,10 - 49,"Ahmedabad, India",https://www.qrioustech.com/
Think To Share,50 - 249,"Kolkata, India",http://thinktoshare.com/
Cyber Infrastructure Inc.,"1,000 - 9,999","Indore, India",https://www.cisin.com/
FuzionDev LLC,10 - 49,"Sheridan, United States",https://www.fuziondev.com/
Sulonya Technologies Private Limited,50 - 249,"Bengaluru, India",https://www.sulonya.com/
App Technologies Pvt. Ltd.,10 - 49,"Lalitpur, Nepal",https://apptechnologies.co/
Codiant Software Technologies Pvt. Ltd.,250 - 999,"Indore, India",https://codiant.com/
VTNetzwelt,50 - 249,"Mohali, India",http://www.vtnetzwelt.com/
Acropolium,50 - 249,"Ceske Budejovice, Czech Republic",https://acropolium.com/
Mxpertz Infolabs,10 - 49,"Indore, India",https://www.mxpertz.com/
American App Coder,50 - 249,"Houston, United States",https://americanappcoder.com/
SLM Software,10 - 49,"Ivano-Frankivsk, Ukraine",https://www.slm.software/
OMEGA SOLUTION,50 - 249,"Dhaka, Bangladesh",https://solution.omega.ac/
Webisoft,10 - 49,"Montreal, Canada",https://webisoft.com/
MH Technologies,50 - 249,"Sheridan, United States",https://www.mhtechnologies.us/
Bitcot,50 - 249,"Chennai, India",https://www.bitcot.com/
S-PRO,50 - 249,"Warsaw, Poland",https://s-pro.io/?utm_source=referral&utm_medium=goodfirms&utm_campaign=web-developers
Ditstek Innovations,10 - 49,"Mohali, India",http://ditstek.com/
GKN Collective,10 - 49,"Bengaluru, India",https://gkncollective.com/
Singula.team,50 - 249,"Dubai, UAE",https://singula.team/
Technorizen Software,250 - 999,"Indore, India",https://technorizen.com/
Pagepro,10 - 49,"Bialystok, Poland",https://pagepro.co/
MeGaDev LLC,10 - 49,"Tallinn, Estonia",https://megadevllc.com/
Bit Zesty Ltd,10 - 49,"London, United Kingdom",https://www.bitzesty.com/
Waverley Software,250 - 999,"Palo Alto, United States",https://waverleysoftware.com/
Neudesic,250 - 999,"Irvine, United States",https://www.neudesic.com/
PSQuickIT,50 - 249,"Noida, India",http://www.psquickit.com/
KeyToTech,10 - 49,"London, United Kingdom",http://www.keytotech.com/
Unique Software Development,10 - 49,"Dallas, United States",http://www.uniquesoftwaredev.com/
Codahead,50 - 249,"Krakow, Poland",https://codahead.com/?utm_source=goodfirms&utm_medium=ITservices&utm_campaign=campaign_24
Aksiio Technologies,10 - 49,"Wroclaw, Poland",https://aksiio.com/#
twoiq LLP,10 - 49,"Ahmedabad, India",https://www.twoiq.com/
ByteAnt,10 - 49,"Tallinn, Estonia",https://www.byteant.com/
Cloud Employee,250 - 999,"Miami, United States",https://www.cloudemployee.io/
WebCitz,10 - 49,"Menasha, United States",https://www.webcitz.com/
Many Hats,10 - 49,"Vancouver, Canada",http://www.wewearmanyhats.com/
Elderberry Tech,10 - 49,"Indore, India",http://www.elderberrytech.com/
NOI Technologies,10 - 49,"Jaipur, India",https://www.noitechnologies.com/
Exceptia,10 - 49,"Barcelona, Spain",https://exceptia.es/
Softices Consultancy Pvt. Ltd.,50 - 249,"Surat, India",https://softices.com/
eGooty,10 - 49,"Lahore, Pakistan",https://egooty.com/
Sporty Systems,10 - 49,"London, United Kingdom",https://sportysystems.com/
Intelia,10 - 49,"Lagos, Nigeria",https://intelia.io/
Brainstack Technologies,10 - 49,"Delhi, India",https://brainstacktechnologies.com/
CrinPro Solution,10 - 49,"Jaipur, India",https://crinpro.com/
Airkod,10 - 49,"Odessa, Ukraine",https://airkod.com/
TechMatter,50 - 249,"Glendale, United States",https://techmatter.co/
peppernode,10 - 49,"Tallinn, Estonia",https://peppernode.co/
Helius Work,50 - 249,"Rajkot, India",https://heliuswork.com/
WebReinvent Technologies,2 - 9,"Delhi, India",https://webreinvent.com/
UpforceTech,50 - 249,"Ahmedabad, India",https://upforcetech.com/
STS Software,50 - 249,"Olten, Switzerland",https://stssoftware.ch/
Bluesoftec Software House,10 - 49,"Cairo, Egypt",https://bluesoftec.com/
TopGrowth IT Solution,10 - 49,"Rajkot, India",https://topgrowth.in/
Fuse Web B.V.,2 - 9,"'s-Gravenhage, Netherlands",https://www.fuseweb.io/
d.labs,50 - 249,"London, United Kingdom",https://www.dlabs.io/
Web Xpress,10 - 49,"Dhaka, Bangladesh",https://webxpress.com.bd/
Wesence,10 - 49,"Delhi, India",https://www.wesence.com/
Digital AIML Systems Pvt Ltd,10 - 49,"Pune, India",https://digitalaiml.com/
Apie Technologies Private Limited,10 - 49,"Bhubaneswar, India",https://apie.tech/
Vestive,2 - 9,"Long Island, United States",https://vestive.com/
Kefalica DOO,2 - 9,"Novi Sad, Serbia",https://kefalo.co.rs/en
RedSquare Software,10 - 49,"Kuala Lumpur, Malaysia",https://redsquare.software/
Polestar Tech Consultancy,10 - 49,"Rajkot, India",https://polestartechno.com/
404,10 - 49,"Buenos Aires, Argentina",http://www.proyecto404.com/
Xeven Solutions,50 - 249,"Lahore, Pakistan",https://xevensolutions.com/
Graph Technologies,2 - 9,"Nairobi, Kenya",https://graph.co.ke/
Ubiminds,50 - 249,"Florianopolis, Brazil",https://ubiminds.com/?utm_source=Goodfirms&utm_medium=Goodfirms%20Profile&utm_campaign=Goodfirms%20Profile&utm_term=Website
Romexsoft,50 - 249,"Lviv, Ukraine",https://www.romexsoft.com/
ITXITPRO PVT. LTD.,50 - 249,"Jaipur, India",http://itxitpro.com/
"OCDLab, LLC",10 - 49,"Irvine, United States",https://ocdlab.co/
Mxicoders,50 - 249,"Ahmedabad, India",https://www.mxicoders.com/
Capanicus,50 - 249,"Mohali, India",http://www.capanicus.com/
MobileFolk,10 - 49,"Toronto, Canada",https://www.mobilefolk.com/
KoderLabs,50 - 249,"Southlake, United States",https://www.koderlabs.com/
Udupi Web Solutions,10 - 49,"Manipal, India",https://udupiwebsolutions.com/
Hats Off Solutions,10 - 49,"Gandhinagar, India",https://www.hatsoffsolutions.com/
Phontinent Technologies,10 - 49,"Jaipur, India",https://www.phontinent.com/
"ADe Technologies, Inc.",50 - 249,"Mumbai, India",http://www.ade-technologies.com/
Wordpress India,2 - 9,"Noida, India",http://www.wordpressindia.in/
AVGI Solutions,10 - 49,"Bengaluru, India",https://avgisolutions.com/
Sioux High Tech Software Ltd.,10 - 49,"Da Nang, Vietnam",https://sioux.asia/
Universal Technolabs,10 - 49,"Ahmedabad, India",http://www.universaltechnolabs.com/
Jafton,50 - 249,"NYC, United States",https://jafton.com/
INFINTOR SOLUTIONS,10 - 49,"Ernakulam, India",https://www.infintor.com/
Browseinfo,50 - 249,"Ahmedabad, India",https://www.browseinfo.com/
Technosys IT Management Pvt. Ltd.,50 - 249,"Patna, India",http://www.technosysmanagement.com/
shopdev,50 - 249,"Buffalo, United States",https://www.shopdev.co/
The SilverLogic,10 - 49,"Boca Raton, United States",https://tsl.io/
Sadhi Infotech,10 - 49,"Ahmedabad, India",http://sadhiinfotech.com/
Pyther Innovations Private Limited,10 - 49,"Ahmedabad, India",https://www.pyther.com/
Incipient Infotech,50 - 249,"Ahmedabad, India",https://incipientinfo.com/
Nextupgrad Web Solutions,50 - 249,"NYC, United States",https://nextupgrad.com/
Solutionsloft,50 - 249,"Dover, United States",https://solutionsloft.com/
Pixeltoworld,2 - 9,"Ahmedabad, India",https://pixeltoworld.com/
Hale Healthcare IT Labs,10 - 49,"Noida, India",https://halehitlabs.com/
Ampcome,50 - 249,"Little Elm, United States",https://www.ampcome.com/
Twistag,10 - 49,"Lisbon, Portugal",https://twistag.com/
COLOURMOON TECHNOLOGIES PVT LTD,10 - 49,"Visakhapatnam, India",https://www.thecolourmoon.com/
ZaveN,10 - 49,"Wroclaw, Poland",http://zaven.co/
Qwesys Digital Solutions,10 - 49,"Surat, India",http://www.qwesys.com/
NS804,10 - 49,"Richmond, United States",http://www.ns804.com/
Scalefocus,250 - 999,"Sofia, Bulgaria",https://www.scalefocus.com/
DeveloperTown,50 - 249,"Indianapolis, United States",https://www.developertown.com/
DeSmart,10 - 49,"Gdynia, Poland",https://desmart.com/
Digital Fruit,10 - 49,"Tallinn, Estonia",http://www.digitalfruit.ee/
FullStack Labs,10 - 49,"San Francisco, United States",https://www.fullstacklabs.co/
Girikon Inc,250 - 999,"Phoenix, United States",https://www.girikon.com/
Frogslayer,50 - 249,"College Station, United States",https://frogslayer.com/
Brainhub,50 - 249,"Gliwice, Poland",https://brainhub.eu/
Elmitel Development,2 - 9,"Gornja Radgona, Slovenia",http://development.elmitel.com/
WebSpace Atlanta,10 - 49,"Atlanta, United States",http://www.webspaceatlanta.com/
Planet E-Com Solutions,50 - 249,"Delhi, India",http://www.planetecomsolutions.com/
Software Verde,10 - 49,"Columbus, United States",http://softwareverde.com/
Bright Sol Tech,2 - 9,"El Paso, United States",http://bstelpaso.com/
InData Labs,50 - 249,"Nicosia, Cyprus",https://indatalabs.com/
Xedious Solutions,10 - 49,"Richardson, United States",https://xedious.com/
Smart IT Concepts,10 - 49,"Palo Alto, United States",https://www.smartitconcepts.com/
Yburis Infotech,10 - 49,"NYC, United States",https://yburis.com/
PinnacleWorks Infotech Pvt Ltd,10 - 49,"Gurgaon, India",https://pinnacle.works/
Kaizen Softworks,50 - 249,"Montevideo, Uruguay",https://kzsoftworks.com/
Evista,10 - 49,"Szeged, Hungary",http://evista-agency.com/
CMTech Pty Ltd,10 - 49,"Brisbane, Australia",https://www.cmtech.com.au/
Meevo Digital,2 - 9,"Toronto, Canada",https://meevo.ca/
Murano Software,250 - 999,"Westlake Village, United States",https://www.muranosoft.com/
Tarika Group,10 - 49,"Marriottsville, United States",https://tarikagroup.com/
Zobi Web Solutions Private Limited,50 - 249,"Ahmedabad, India",https://www.zobiwebsolutions.com/#
Way2Smile Solutions Pvt Ltd,10 - 49,"Chennai, India",https://www.way2smile.com/
Acuity Infotech,2 - 9,"Dubai, UAE",https://www.acuity.ae/
Arrk Group,50 - 249,"Manchester, United Kingdom",https://www.arrkgroup.com/
Drish Infotech Ltd,50 - 249,"Chandigarh, India",https://www.drishinfo.com/
"DotTrend, Inc.",2 - 9,"Louisville, United States",http://www.dottrend.com/
Winning Solutions,2 - 9,"Koblenz, Germany",https://www.winning-solutions.de/
Net Infinity,2 - 9,"Mumbai, India",http://www.netinfinity.co.in/
BatsHub,10 - 49,"Ahmedabad, India",https://www.batshub.com/
Commercial Technologies Plus,10 - 49,"Colombo, Sri Lanka",https://commercialtp.com/
"Enable Startup Co., LTD",10 - 49,"Da Nang, Vietnam",https://enablestartup.com/
April9 Digital Consulting,10 - 49,"Brisbane, Australia",https://www.april9.com.au/
TMS Outsource,10 - 49,"Belgrade, Serbia",https://tms-outsource.com/
GTCSYS,10 - 49,"Ahmedabad, India",https://gtcsys.com/
MileStep,10 - 49,"Dover, United States",https://milestep.io/
InnoTech Solution,10 - 49,"Karachi, Pakistan",https://www.innotechsol.co/
Tech To U Inc.,10 - 49,"Calgary, Canada",https://techtou.com/
Thinkitive Technologies Pvt. Ltd.,250 - 999,"Pune, India",https://thinkitive.com/
Zeeweesoft LLP,10 - 49,"Indore, India",https://www.zeeweesoft.com/
Highland,10 - 49,"Chicago, United States",https://highlandsolutions.com/
pixelByte,10 - 49,"El Paso, United States",https://pixelbytellc.com/
Collonmade Company,50 - 249,"Vadodara, India",https://www.collonmade.com/
Scalex Technology Solutions,10 - 49,"Pune, India",https://scalextech.com/
Elysian Intelligence Business Solutions,50 - 249,"Madurai, India",https://eibsglobal.com/
NJS Web Publishing Systems Pvt.Ltd,50 - 249,"Hyderabad, India",https://wpslab.in/
TekHqs,50 - 249,"Richmond, United States",https://tekhqs.com/
Thinksoft,10 - 49,"Kyiv, Ukraine",https://thinksoft.net/
"Nile Bits, LLC.",10 - 49,"Al Omraneyah, Egypt",https://www.nilebits.com/
Tango,10 - 49,"Krakow, Poland",https://tango.agency/
Osahan Inc,2 - 9,"Ludhiana, India",https://www.osahaninc.com/
PlatOps Security,10 - 49,"Bethesda, United States",https://www.platops.com/
Gulf State Software LLC,10 - 49,"Houston, United States",https://www.gulfstatesoftware.com/
REX Technologies,10 - 49,"Lahore, Pakistan",https://www.rextech.pk/
Sankey Solutions,50 - 249,"Mumbai, India",https://sankeysolutions.com/
Edhaas Digisoft Pvt. Ltd.,2 - 9,"Pune, India",https://www.edhaasdigisoft.com/
Expert Code Lab,10 - 49,"Noida, India",http://www.expertcodelab.com/
Askgalore Digital,10 - 49,"Bhopal, India",https://askgalore.com/
"Shenzhen Feasycom Technology CO.,LTD",50 - 249,"Beibei, China",https://www.feasycom.com/
Uinno,10 - 49,"Miami, United States",https://uinno.io/
galaxy softech solutions,10 - 49,"Delhi, India",https://www.galaxysoftechsolutions.com/
EUROSTUDIO,10 - 49,"Prague, Czech Republic",https://www.eurostudio.net/
Advantal Technologies Pvt Ltd,50 - 249,"Indore, India",https://advantaltechnologies.com/
Ennovations Techserv,50 - 249,"Noida, India",https://ennovationstechserv.com/
Develonica,250 - 999,"Moscow, Russia",https://develonica.com/
iSQUARE Business Solution Pvt. Ltd.,10 - 49,"Madurai, India",https://www.isquarebs.com/
aPurple,50 - 249,"Lakeville, United States",https://www.apurple.co/
MantraSys,10 - 49,"Alpharetta, United States",https://mantrasys.com/
QIT Software,10 - 49,"Plano, United States",https://qit.software/
Appicoders,50 - 249,"NYC, United States",https://appicoders.com/
Bonami Software,50 - 249,"Noida, India",https://bonamisoftware.com/
Shispare,50 - 249,"Karachi, Pakistan",https://www.shispare.com/
Trinomix Technologies,10 - 49,"Madurai, India",https://trinomixtechnologies.com/
ApuzzTech,10 - 49,"Ahmedabad, India",https://apuzztech.com/
Techno Hustlers,50 - 249,"Ahmedabad, India",https://technohustlers.com/
Code Garage,Freelancer,"Mohali, India",https://codegaragetech.com/
Exceed IT,2 - 9,"Pretoria, South Africa",https://exceedit.tech/
THECONSRL,50 - 249,"San Diego, United States",https://thecon.ro/en/
DotStark Technologies,10 - 49,"Jaipur, India",https://dotstark.com/
Pixelstat,10 - 49,"Hyderabad, India",https://pixelstat.com/
ESTENX,10 - 49,"London, United Kingdom",https://estenx.com/
Scriptide,10 - 49,"Budapest, Hungary",https://scriptide.tech/
Cupid Solutions,10 - 49,"Cairo, Egypt",https://cupid-solutions.com/
Dizivan,50 - 249,"Houston, United States",https://dizivan.com/
X-TECH,10 - 49,"Yerevan, Armenia",https://www.x-tech.am/
MicroTelecom Systems LLC,50 - 249,"Wilmington, United States",https://www.microtelecom.com/
Sai Technologies,50 - 249,"Madurai, India",https://www.saitechnologies.in/
Pranshtech Solutions,10 - 49,"Ahmedabad, India",https://pranshtech.com/
App Developers India,10 - 49,"Ahmedabad, India",https://developersappindia.com/
Yield Studio,10 - 49,"Paris, France",https://www.yieldstudio.fr/
BenderXpert,2 - 9,"Miami, United States",https://www.benderxpert.com/
Arieotech,50 - 249,"Pune, India",https://www.arieotech.com/
Techanic infotech,10 - 49,"Jaipur, India",https://www.techanicinfotech.com/
Jawam Infotech,10 - 49,"Indore, India",https://jawaminfotech.com/
Pragmatyc,50 - 249,"Nagpur, India",https://www.pragmatyc.com/
Uniqtech Solutions,10 - 49,"Vadodara, India",http://www.uniqtechsolutions.com/
Veltify,2 - 9,"Kabul, Afghanistan",https://veltify.org/
Cybernative Technologies Pvt. Ltd.,50 - 249,"Ahmedabad, India",https://www.cybernativetech.com/
Softagone Technologies LLP,2 - 9,"Jamnagar, India",https://softagone.com/
Devxhub Limited,10 - 49,"Rajshahi, Bangladesh",https://devxhub.com/
Prilancers infotech,10 - 49,"Surat, India",https://www.prilancers-infotech.com/
DCodics,2 - 9,"Karachi, Pakistan",https://dcodics.io/
BESTIND TECH PVT LTD,10 - 49,"Indore, India",https://best.ind.in/
Scraping Solution Ltd,2 - 9,"London, United Kingdom",https://scrapingsolution.com/
Syed Software,10 - 49,"Sahiwal, Pakistan",https://www.syedsoftware.com/
Black Kite Technologies,10 - 49,"Ahmedabad, India",https://blackkitetechnologies.com/
Dev Station Technology,10 - 49,"Ho Chi Minh City, Vietnam",https://dev-station.tech/
Crescaler,10 - 49,"Ambala, India",https://crescaler.com/
Zentix Soft LTD,50 - 249,"London, United Kingdom",https://zentixsoft.com/en
HatchTechs UK,2 - 9,"London, United Kingdom",http://hatchtechs.co.uk/
JUPI PLUS,10 - 49,"Warsaw, Poland",https://www.jupiplus.com/
Alhena Ventures,50 - 249,"Chicago, United States",https://alhenaventures.com/
Intelligent Systems and Solutions Ltd,10 - 49,"Dhaka, Bangladesh",https://intelligentsystemsltd.com/
Pennine Technolabs,10 - 49,"Ahmedabad, India",https://penninetechnolabs.com/
Tensor Labs,10 - 49,"Islamabad, Pakistan",https://tensorlabs.io/
Fgfactory Australia,10 - 49,"Melbourne, Australia",https://fgfactory.com.au/
Qorbex,2 - 9,"Karachi, Pakistan",https://qorbex.com/
Softwera Innovation,10 - 49,"Surat, India",https://softwerainnovation.com/
Westpoint,10 - 49,"London, United Kingdom",https://westpoint.io/
OFFBEAT SOFTWARE SOLUTIONS PVT LTD,10 - 49,"Mohali, India",http://offbeatsoftwaresolutions.com/
Meem Development,50 - 249,"Alexandria, Egypt",https://www.meemdev.com/
Techmits,10 - 49,"Jhunjhunun, India",https://www.techmits.com/
Imagio Creations,10 - 49,"Kathmandu, Nepal",https://imagiocreations.com/
Velorabyte,10 - 49,"Surat, India",https://velorabyte.com/?utm_source=goodfirms
APPS CURB,10 - 49,"Houston, United States",https://appscurb.com/about/
Virtual Software Company,50 - 249,"Gujranwala, Pakistan",https://virtualsoftwarecompany.com/
iProgrammer Solutions Private Limited,50 - 249,"Pune, India",https://www.iprogrammer.com/
IDEATORS,10 - 49,"Port Saint Lucie, United States",https://ideatorsdigital.com/
Renu SB Creation Software Pvt Ltd (SB Creation),50 - 249,"Kolkata, India",https://www.sbcreationgroup.com/
BSEtec,50 - 249,"Madurai, India",https://www.bsetec.com/blockchain-development-company
Wellbenix,2 - 9,"Ahmedabad, India",https://wellbenix.com/
Acentria Technologies Pvt ltd,10 - 49,"Jaipur, India",http://www.acentriatech.com/
Falcn Lab,50 - 249,"Philadelphia, United States",https://falcnlab.com/
CodeHunterss,10 - 49,"Torrance, United States",https://codehunterss.com/
DevTeamSpace,10 - 49,"West Palm Beach, United States",http://devteam.space/?=goodfirmsprofile
OneTree,50 - 249,"Montevideo, Uruguay",http://www.onetree.com/
Expert Soft,50 - 249,"Austin, United States",https://expert-soft.com/
Starnavi,50 - 249,"Tallinn, Estonia",https://www.starnavi.io/
JEVERA,50 - 249,"Kyiv, Ukraine",https://jevera.software/
Cloudesign Technology Solutions LLP,50 - 249,"Mumbai, India",https://www.cloudesign.com/
Enyata,50 - 249,"Lagos, Nigeria",https://www.enyata.com/
Brainsphere,50 - 249,"Dubai, UAE",https://www.brainsphereit.com/
Admios,50 - 249,"San Francisco, United States",https://admios.com/
Experion Technologies,250 - 999,"Thiruvananthapuram, India",https://experionglobal.com/
MojoTech,50 - 249,"Providence, United States",https://www.mojotech.com/
QuadLogix Technologies Pvt. Ltd.,50 - 249,"Pune, India",https://www.quadlogix.com/
DevCrew.io,10 - 49,"Lahore, Pakistan",http://devcrew.io/
YouTeam,10 - 49,"Mountain View, United States",https://youteam.io/
Dikonia,10 - 49,"Mohali, India",http://www.dikonia.com/
Digers,10 - 49,"Szczecin, Poland",https://dige.rs/
Raccoon Gang,50 - 249,"Miami, United States",https://raccoongang.com/open-edx-services/rg-tech/?utm_source=goodfirms&utm_medium=referral_profile&utm_campaign=directory
Drisha Technologies,50 - 249,"Berhampur, India",https://drishatechnologies.com/
Capitol Tech Solutions,10 - 49,"Sacramento, United States",https://www.capitoltechsolutions.com/
ELITEX,50 - 249,"Lviv, Ukraine",http://elitex.systems/
Zrix,50 - 249,"Raleigh, United States",https://www.zrix.com/
Micropyramid Informatics Pvt Ltd,10 - 49,"Hyderabad, India",https://micropyramid.com/
Koombea,50 - 249,"Chicago, United States",https://www.koombea.com/
QAsolved,50 - 249,"Brooklyn, United States",https://qasolved.com/services/quickbooks-support/
Softura,250 - 999,"Chennai, India",https://www.softura.com/
CloudWapp Technologies Pvt. Ltd.,10 - 49,"Indore, India",http://cloudwapp.com/
Keshav Technosys,2 - 9,"Ajmer, India",https://keshavtechnosys.com/
Variablesoft,50 - 249,"Jaipur, India",https://variablesoft.com/
HebronSoft,50 - 249,"Lviv, Ukraine",https://hebronsoft.com/
Workspace InfoTech Australia PTY Limited,50 - 249,"Dhaka, Bangladesh",http://www.workspaceit.com.au/
Unilead Software Solution Pvt.Ltd.,10 - 49,"Hoshiarpur, India",http://www.unilead.in/
abz agency,10 - 49,"Kyiv, Ukraine",https://abz.agency/
Ever Technologies,10 - 49,"Sofia, Bulgaria",https://ever.tech/
Boston SoftDesign,250 - 999,"Newton, United States",https://bostonsd.com/
EDIIIE,50 - 249,"Gurgaon, India",https://www.ediiie.com/
Smartexe,50 - 249,"Tel Aviv, Israel",https://www.smartexe.com/
Techverx,50 - 249,"Plano, United States",https://www.techverx.com/
SprintX,10 - 49,"Lahore, Pakistan",https://sprintx.net/
Kodexo Labs,10 - 49,"Austin, United States",https://kodexolabs.com/
LSK Software Consulting,2 - 9,"Tunis, Tunisia",https://lsksoft.com/
Lobotus Technology Pvt Ltd,50 - 249,"Bengaluru, India",http://www.lobotus.com/
iPOP Solution,10 - 49,"Ahmedabad, India",https://www.ipopsolution.com/
Cognic Systems Pvt LTD,50 - 249,"Cedar Park, United States",https://cognicsys.com/
V2Soft Pvt Ltd,250 - 999,"Bengaluru, India",https://www.v2soft.com/
Devsinc,10000+,"Lahore, Pakistan",https://devsinc.com/
Emvigo Technologies,10 - 49,"London, United Kingdom",https://emvigotech.com/
Brihat Infotech Private Limited,10 - 49,"Ranchi, India",https://brihatinfotech.com/
Infylo Techsolutions Ltd,10 - 49,"Faridabad, India",https://infylo.com/
TechMaximize,2 - 9,"Delhi, India",https://www.techmaximize.com/
Codexoro Technologies LLP,2 - 9,"Kochi, India",https://codexoro.com/
MobileXapps,10 - 49,"Vilnius, Lithuania",https://mobilexapps.com/
Solushyfy,10 - 49,"Abbottabad, Pakistan",https://www.solushyfy.com/
Prettify Creative,10 - 49,"Gurgaon, India",https://www.prettifycreative.com/
VelonixFuture Technologies LLP,2 - 9,"Kochi, India",https://velonixtechnologies.com/
Algorithmic,2 - 9,"London, United Kingdom",https://www.algorithmic.co/
Salmore Technology,50 - 249,"Richmond, United States",https://www.salmoretechnology.com/
Techtaru Digital,10 - 49,"Jaipur, India",https://techtaru.com/
Mirimera,10 - 49,"Bangkok, Thailand",https://mirimera.com/
Arktik,10 - 49,"Lviv, Ukraine",https://www.arktik.tech/
ALET India,10 - 49,"Delhi, India",https://www.aletindia.com/
Wrexim Infotech,10 - 49,"Indore, India",http://wreximinfotech.com/
Neebal Technologies,50 - 249,"Fremont, United States",https://www.neebal.com/
Erbis,50 - 249,"San Francisco, United States",https://www.erbis.com/
Serviots,10 - 49,"Al Qusais, UAE",https://serviots.com/
Whitecap Canada,10 - 49,"Toronto, Canada",https://www.whitecapcanada.com/
Uruit,50 - 249,"Montevideo, Uruguay",https://www.uruit.com/
TOPS Technologies,50 - 249,"Mountain View, United States",http://www.tops-int.com/outsourcing/
Wisdomleaf Technologies,50 - 249,"Bengaluru, India",http://www.wisdomleaf.com/
Manektech,50 - 249,"Ahmedabad, India",https://www.manektech.com/
Mplussoft,50 - 249,"Pune, India",https://www.mplussoft.com/
Modern Technolab,10 - 49,"Regina, Canada",https://www.moderntechnolab.com/
"Zymr, Inc.",50 - 249,"San Jose, United States",https://www.zymr.com/
BairesDev,"1,000 - 9,999","San Francisco, United States",https://www.bairesdev.com/
Truelogic Software,50 - 249,"Santa Fe, Argentina",http://www.truelogicsoftware.com/
Wristcode Technologies,10 - 49,"Udupi, India",http://www.wristcodetech.com/
VPN Infotech,10 - 49,"Surat, India",http://www.vpninfotech.com/
MY SOFT IT,10 - 49,"Dhaka, Bangladesh",http://my-softit.com/
Aglowid It Solutions,10 - 49,"Ahmedabad, India",https://aglowiditsolutions.com/
VIstar,250 - 999,"Voronezh, Russia",http://vistar.su/
Mofosys Technologies,10 - 49,"Bengaluru, India",http://www.mofosys.com/
Kodesoft Technologies Pvt. Ltd,10 - 49,"Pune, India",http://www.kodesoft.in/
MindCrew Technologies,10 - 49,"Indore, India",http://mindcrewtech.com/
Rubik Software,10 - 49,"Thiruvananthapuram, India",http://rubiksoftwares.com/
Tech Tammina LLC,250 - 999,"Visakhapatnam, India",http://www.techtammina.com/
Xportsoft Technologies Pvt. Ltd.,10 - 49,"Ambala Cantt, India",http://xportsoft.com/
Parken Solution Private Limited,10 - 49,"Jaipur, India",http://www.par-ken.com/
Mind Spark Technologies,50 - 249,"Orlando, United States",https://www.mindsparktechnologies.com/
Suave Solutions,50 - 249,"Lahore, Pakistan",http://suavesol.net/
folio3,250 - 999,"Charleston, United States",http://www.folio3.com/
Endava,"1,000 - 9,999","London, United Kingdom",https://www.endava.com/
Intellica,50 - 249,"Bratislava, Slovakia",https://intellicagroup.com/
Dawson Andrews,10 - 49,"Holywood, United Kingdom",http://dawsonandrews.com/
Pulsehyip,50 - 249,"Madurai, India",https://www.pulsehyip.com/
Thinksys,50 - 249,"Sunnyvale, United States",https://www.thinksys.com/
Indium,"1,000 - 9,999","Cupertino, United States",https://www.indium.tech/
Digitec,10 - 49,"Yerevan, Armenia",https://www.digitecintl.com/
REGO Techno Solutions,50 - 249,"Pune, India",http://regotechnosolutions.com/
Sevenstar Websolutions,10 - 49,"Noida, India",https://www.sevenstarwebsolutions.com/
Primafelicitas,50 - 249,"San Francisco, United States",https://www.primafelicitas.com/
DRC Systems India Private Limited,250 - 999,"Gandhinagar, India",https://www.drcsystems.com/
Neolite Infotech India Pvt Ltd,10 - 49,"Navi Mumbai, India",http://neolite.in/
Appomate,10 - 49,"Melbourne, Australia",https://appomate.com.au/
Synacor Consortium Limited,10 - 49,"Nairobi, Kenya",http://synacor.co.ke/
Coded Lines Ltd,10 - 49,"London, United Kingdom",https://codedlines.com/
Talmatic,2 - 9,"New Ross, Ireland",https://talmatic.com/
MEMOS Software,10 - 49,"Prague, Czech Republic",https://memos-software.com/
SAG Infotech,50 - 249,"Jaipur, India",https://saginfotech.com/
Netedge Technology,10 - 49,"Ahmedabad, India",https://www.netedgetechnology.com/
Aiolane,10 - 49,"Tbilisi, Georgia country",https://aiolane.com/
Tihalt Technologies,10 - 49,"Bengaluru, India",https://tihalt.com/
IJAGER TECHNOLOGIES PRIVATE LIMITED,10 - 49,"Chennai, India",https://www.ijager.com/
SoftechPlanet,10 - 49,"Jaipur, India",https://softechplanet.com/
Tech ICS,2 - 9,"London, United Kingdom",http://www.techics.com/
Infotech Wayout,50 - 249,"Kolkata, India",https://infotechwayout.com/
Innovative Solution Technologies,50 - 249,"Gurgaon, India",https://www.isolstechnologies.com/
Augurs Technologies Private Limited,50 - 249,"Lucknow, India",https://www.augurs.in/
Sudofy,50 - 249,"Karachi, Pakistan",https://www.sudofy.com/
"Breeze End Technology, LLC",10 - 49,"Alexandria, United States",https://www.breezendtechs.com/
Juppiter Ai Labs Inc,50 - 249,"Claymont, United States",https://www.juppiterailabs.com/
WizeBrains IT Solutions Pvt. Ltd,50 - 249,"Chandigarh, India",https://wizebrains.com/
DEBOX GLOBAL,10 - 49,"Noida, India",https://www.deboxglobal.com/best-travel-crm.html
mindit.io,250 - 999,"Bucharest, Romania",https://www.mindit.io/
Cubic Solutions.Inc,50 - 249,"Lahore, Pakistan",https://cubicsol.com/
Boffo websol,2 - 9,"Delhi, India",https://www.boffowebsol.com/
Cyber Nest,10 - 49,"Brooklyn, United States",https://www.cybernest.com/
Cloud Surveillance ltd,10 - 49,"Nairobi, Kenya",https://cloudbackup.co.ke/
Encyphers,10 - 49,"NYC, United States",https://encyphers.com/
Serious Web,10 - 49,"Yerevan, Armenia",https://seriousweb.org/
Eagerworks,50 - 249,"Tampa, United States",https://eagerworks.com/
Aara Technologies,10 - 49,"Delhi, India",https://aaratechnologies.com/
Tech Gazebo Solutions,2 - 9,"Madurai, India",https://techgazebos.com/
slashdev.io,2 - 9,"Winter Park, United States",https://slashdev.io/
Web3soft,50 - 249,"Ajman, UAE",http://web3-soft.com/
Sprinters.ai,10 - 49,"Cairo, Egypt",https://sprinters.ai/
Trigvent Solutions,10 - 49,"Yamunanagar, India",https://www.trigvent.com/
Prime Technologies,10 - 49,"Sydney, Australia",https://primetechnologies.io/
Innogent Technologies,50 - 249,"Indore, India",https://innogent.in/
Growwork Infotech,10 - 49,"Surat, India",https://growworkinfotech.com/
BuzzyBrains software (I) Pvt. Ltd,10 - 49,"Pune, India",https://www.buzzybrains.com/
TDC,10 - 49,"Lahore, Pakistan",https://thedevcorporate.com/
silicontechnix ltd,250 - 999,"London, United Kingdom",https://silicontechnix.co.uk/
SupremeTech,50 - 249,"Da Nang, Vietnam",https://www.supremetech.vn/
Four Ages Software,10 - 49,"London, United Kingdom",https://four-ages.com/
NorthLogics,10 - 49,"Ahmedabad, India",https://northlogics.tech/
Innovation Bee P.C.,10 - 49,"Kozani, Greece",https://innovationbee.gr/
Away Digital Teams,250 - 999,"Melbourne, Australia",https://awaydigitalteams.com/
CODEEDOC,10 - 49,"Surat, India",https://codeedoc.com/
TuneLab,10 - 49,"Boryspil', Ukraine",https://tunelab.net/
Cyberswind Technologies,2 - 9,"Raipur, India",https://www.cyberswindtech.com/
In22 Labs,50 - 249,"Chennai, India",https://in22labs.com/
Logicwerk,50 - 249,"Kolkata, India",https://www.logicwerk.com/
Cybertron Labs,250 - 999,"Karachi, Pakistan",https://cybertronlabs.com/
BeyondScale Technologies Private Limited,50 - 249,"Hyderabad, India",https://beyondscale.tech/
ArcNet,10 - 49,"Dubai, UAE",https://www.arcnetuae.com/
iGeek,50 - 249,"Austin, United States",https://igeektech.com/
The Distillery,10 - 49,"Adelaide, Australia",https://thedistillery.co/
UaSoftDev,10 - 49,"Kyiv, Ukraine",https://uasoftdev.com/
Harvee Technologies,10 - 49,"Coimbatore, India",https://www.harvee.tech/
Kaai Innovations,2 - 9,"Nairobi, Kenya",https://kaai.co.ke/
Brudite Pvt. Ltd.,10 - 49,"Jaipur, India",https://brudite.com/
AppDesk Services Pvt. Ltd.,10 - 49,"Gurgaon, India",https://www.appdeskservices.com/
Itexus,50 - 249,"Warsaw, Poland",http://itexus.com/
Rootstack,50 - 249,"Panama City, Panama",https://www.rootstack.com/en
Taxi Web Design,10 - 49,"Lalitpur, Nepal",https://taxi-webdesign.com/
Impekable,10 - 49,"San Jose, United States",https://impekable.com/
Biztech Consulting & Solutions,250 - 999,"Ahmedabad, India",https://www.biztechcs.com/
Solentive,10 - 49,"Sydney, Australia",https://www.solentive.com/
iRonin.IT,10 - 49,"Warsaw, Poland",https://www.ironin.it/
Think Future Technologies,250 - 999,"Gurgaon, India",https://www.tftus.com/
Techcurve,2 - 9,"Bangkok, Thailand",https://techcurve.co/
Dewais,10 - 49,"Kharkiv, Ukraine",https://dewais.com/
M2 Web Solution,2 - 9,"Vadodara, India",https://m2webdesigning.com/
Zentriflex Software,2 - 9,"Ivano-Frankivsk, Ukraine",https://zentriflex.com/
Netsqure Technologies Pvt Ltd,10 - 49,"Bengaluru, India",https://netsqure.com/
Techling AI,2 - 9,"Austin, United States",https://techling.ai/
Ezeonsoft Technology,50 - 249,"Lucknow, India",https://www.ezeonsoft.com/
Espeo Software,50 - 249,"Poznan, Poland",https://espeo.eu/
Briggr Technologies LTD,2 - 9,"London, United Kingdom",https://www.briggrtech.com/
Geminate Solutions Private Limited,10 - 49,"Surat, India",https://geminatesolutions.com/
Yangshu Co. Ltd.,10 - 49,"Bangkok, Thailand",https://yangshu.io/
ACAP,10 - 49,"Fort Lauderdale, United States",https://acapglobal.com/
MorelandConnect,10 - 49,"Hudson, United States",https://www.morelandconnect.com/
Inmov,50 - 249,"Miami, United States",https://inmovus.com/
Miquido,250 - 999,"Krakow, Poland",https://www.miquido.com/
SMARTCODE TECHNOLOGIES LIMITED,10 - 49,"Nairobi, Kenya",https://www.smartcode.co.ke/
Itmarkerz Technologies,10 - 49,"Kottayam, India",http://www.itmarkerz.co.in/
Amazing Workz,10 - 49,"Bhubaneswar, India",https://amazingworkz.com/
Ayatas Technologies,50 - 249,"Sacramento, United States",https://www.ayatas.com/
ScorpionTC,50 - 249,"Dortmund, Germany",https://scorpiontc.com/
GITS,50 - 249,"Hanoi, Vietnam",https://gits.com.vn/
Vstorm,2 - 9,"Wroclaw, Poland",https://vstorm.co/
Abbeal,50 - 249,"Paris, France",https://abbeal.com/
Innuy - Full Stack Development,10 - 49,"Montevideo, Uruguay",http://www.innuy.com/
iSolve Mobility,50 - 249,"Pretoria, South Africa",http://www.isolvemobility.co.za/
ateliware,50 - 249,"Curitiba, Brazil",https://ateliware.com/en/
Kody Technolab,10 - 49,"Ahmedabad, India",https://kodytechnolab.com/
Nistruct,10 - 49,"Central Serbia, Serbia",https://nistruct.com/
Prismetric,50 - 249,"Gandhinagar, India",https://www.prismetric.com/
9series Inc,250 - 999,"Ahmedabad, India",https://www.9series.com/
Code-B Solutions,50 - 249,"Mumbai, India",https://code-b.dev/
Rococo Consultant Pvt. Ltd,10 - 49,"Mumbai, India",http://www.rococoindia.com/
Webhouseindia,2 - 9,"Patna, India",https://www.webhouseindia.com/
SOLV Internet & Marketing,10 - 49,"Katowice, Poland",https://solv.pl/
Revolab Sdn Bhd,10 - 49,"Cyberjaya, Malaysia",http://revolab.ai/
Prioxis Technologies,10 - 49,"Ahmedabad, India",https://www.prioxis.com/
ascent,10 - 49,"Mumbai, India",https://ascentfuturetech.com/
iSolve Technologies Pvt Ltd.,250 - 999,"Amsterdam, Netherlands",https://isolve.in/
byVoice,10 - 49,"Jerzmanowice, Poland",https://www.byvoice.io/?utm_source=goodfirms&utm_medium=catalog&utm_campaign=promo
Code Me Online,10 - 49,"Malerkotla, India",https://codemeonline.in/
Shadow Shift Solutions,10 - 49,"Dubai, UAE",https://shadowshift.agency/
ANSI Technologies,10 - 49,"Delhi, India",https://ansiconsult.com/
Softiox,2 - 9,"Kolkata, India",https://softiox.com/
Smart Cherry AI,2 - 9,"Jalgaon, India",https://smartcherryai.com/
Sajal Tech Solutions Private Limited,10 - 49,"Panna, India",https://sajaltech.com/
MetaSys Software,10 - 49,"Mumbai, India",https://www.metasyssoftware.com/
Kalgisoft Technologies,10 - 49,"Ahmedabad, India",https://www.kalgisoft.com/
Oodles Technologies,250 - 999,"Gurgaon, India",https://www.oodlestechnologies.com/
ZonkeTech,2 - 9,"Durban, South Africa",https://zonketech.co.za/
Soft Tech Cube,50 - 249,"Karachi, Pakistan",https://www.softtechcube.com/
Softomagic,10 - 49,"Singapore, Singapore",http://www.softomagic.com/
Glitch Probe Infotech,50 - 249,"Jaipur, India",https://glitchprobe.com/
Matply Infotech LLP,2 - 9,"Jaipur, India",https://matply.com/
Dark Bears,50 - 249,"Jaipur, India",https://darkbears.com/
Tessafold,10 - 49,"Berlin, Germany",https://tessafold.com/
Codiastic Soft Pvt Ltd,10 - 49,"Pune, India",https://www.codiasticsoft.com/
Softengi,250 - 999,"Kyiv, Ukraine",https://softengi.com/
Making Sense,250 - 999,"Palo Alto, United States",http://makingsense.com/
10Pearls,250 - 999,"Islamabad, Pakistan",http://www.10pearls.com/
Tebi Technologies Pvt. Ltd.,Freelancer,"San Jose, United States",http://www.tebitechnology.com/
Rikkeisoft,"1,000 - 9,999","Hanoi, Vietnam",https://rikkeisoft.com/
Trakshym,10 - 49,"Surat, India",https://trakshym.com/
ImplevistaBD,10 - 49,"Dhaka, Bangladesh",https://implevista.com/
Idyllic Software,50 - 249,"Mumbai, India",https://idyllic.co/
Pace Wisdom Solutions,50 - 249,"Bengaluru, India",http://pacewisdom.com/
Cloud9 Technologies,10 - 49,"Pune, India",http://pmtrackerp.in/
Space-O Technologies,50 - 249,"Ahmedabad, India",https://www.spaceotechnologies.com/
Codezilla Technology and Consultancy Pvt Ltd.,50 - 249,"Indore, India",https://codezilla.io/
HashedIn,50 - 249,"Bengaluru, India",https://hashedin.com/
Web Designs Glow,10 - 49,"Los Angeles, United States",https://webdesignsglow.com/
Softsource Technolabs,10 - 49,"Ahmedabad, India",https://softsourcetech.com/
Tekniko Global,10 - 49,"Noida, India",https://www.teknikoglobal.com/
Snaps Technology,10 - 49,"Kolkata, India",http://snapstech.com/
Bitcube,10 - 49,"Dublin, Ireland",https://bitcube.tech/
Softlabs Group,50 - 249,"Mumbai, India",https://www.softlabsgroup.com/
Synergy Codes,10 - 49,"Wroclaw, Poland",https://www.synergycodes.com/
Consultica,10 - 49,"Winnipeg, Canada",http://www.consulti.ca/
Deft Infosystems (P) Ltd,50 - 249,"Delhi, India",http://deftinfosystems.com/
Smarter.Codes,10 - 49,"Mohali, India",https://smarter.codes/
SiteNative,2 - 9,"Faisalabad, Pakistan",https://sitenative.com/
Meghware Solutions LLP,2 - 9,"Pune, India",https://www.meghware.com/
Codegenix,50 - 249,"Kyiv, Ukraine",https://www.codegenix.io/
Noetic Labs,10 - 49,"Pune, India",https://noetic-labs.com/
Creatoweb,10 - 49,"Indore, India",http://www.creatoweb.com/
Ceiba Software,250 - 999,"Medellin, Colombia",https://www.ceiba.com.co/en/
VMO,50 - 249,"Hanoi, Vietnam",https://vmogroup.com/
IndiaAppDeveloper,10 - 49,"Ahmedabad, India",https://indiaappdeveloper.com/
Seraro LLC,10 - 49,"Peachtree City, United States",http://seraro.com/
NUS Technology,50 - 249,"Ho Chi Minh City, Vietnam",https://nustechnology.com/
Mallow Technologies,250 - 999,"Karur, India",https://www.mallow-tech.com/
NaxTech,50 - 249,"Faisalabad, Pakistan",https://naxtech.net/
Interfacing Technologies,50 - 249,"Montreal, Canada",https://www.interfacing.com/
Yojji,50 - 249,"London, United Kingdom",https://yojji.io/
Aucourant Technologies Private Limited,10 - 49,"Dehradun, India",https://aucouranttechnologies.com/
Edmoss Global Limited,10 - 49,"Ikeja, Nigeria",http://app.edmoss.com.ng/
Magneto IT Solutions,50 - 249,"NYC, United States",https://magnetoitsolutions.com/?utm_source=goodfirms&utm_medium=top_directory_listing&utm_campaign=goodfirms_profile
Aetsoft,50 - 249,"Sheridan, United States",https://aetsoft.net/
Selleo Labs,50 - 249,"Bielsko-Biala, Poland",https://selleo.com/?utm_source=goodfirms&utm_medium=referral
Tepia,10 - 49,"Costa Mesa, United States",https://www.tepia.co/
Konstant Infosolutions,50 - 249,"Jaipur, India",https://www.konstantinfo.com/
Cybersecop,10 - 49,"NYC, United States",https://cybersecop.com/
ThirstySprout,50 - 249,"Seattle, United States",https://www.thirstysprout.com/
InnovatorSpark SRL,10 - 49,"Cluj-Napoca, Romania",https://innovatorspark.com/
Codewinglet Private Limited,50 - 249,"Surat, India",https://www.codewinglet.com/
Glorium Technologies,250 - 999,"Houston, United States",http://gloriumtech.com/
TXI,50 - 249,"Chicago, United States",https://txidigital.com/
Bamboo Agile,50 - 249,"Tallinn, Estonia",https://bambooagile.eu/?utm_source=goodfirms&utm_medium=directory
Merixstudio,50 - 249,"Poznan, Poland",https://www.merixstudio.com/
Bravado Solutions,50 - 249,"Islamabad, Pakistan",https://bravadosolutions.com/
The iCentric Agency Ltd,10 - 49,"London, United Kingdom",http://www.icentricagency.com/
Boxinall Softech,10 - 49,"Greater Noida, India",https://boxinallsoftech.com/
MobileCoderz Technologies,50 - 249,"Noida, India",https://mobilecoderz.com/?utm_source=goodfirms
SparkMinds J.S.C,10 - 49,"Ho Chi Minh City, Vietnam",https://sparkminds.net/
Maruti Techlabs,50 - 249,"Ahmedabad, India",https://marutitech.com/
Relevant Software,50 - 249,"Warsaw, Poland",https://relevant.software/?utm_source=goodfirms.co&utm_medium=referral&utm_campaign=Goodfirms%20advertisement
Grawlix Software Private Limited,50 - 249,"Pune, India",https://grawlixsoft.com/
High Digital,10 - 49,"London, United Kingdom",https://www.highdigital.co.uk/
Quantum IT Innovation,250 - 999,"Noida, India",http://www.quantumitinnovation.com/
Computools,250 - 999,"NYC, United States",https://computools.com/
TouchZen Media,10 - 49,"Irvine, United States",https://www.touchzen.ai/
Woltrio,2 - 9,"Rawalpindi, Pakistan",https://www.woltrio.com/
ASTRELUX IT PRIVATE LIMITED,2 - 9,"Srinagar, India",https://www.astrelux.in/
Eastgate Software JSC,50 - 249,"Hanoi, Vietnam",http://www.eastgate-software.com/
Webamboos,10 - 49,"Timisoara, Romania",https://webamboos.com/
Trudosys,10 - 49,"Bengaluru, India",https://trudosys.com/
Ontik Technology,50 - 249,"Dhaka, Bangladesh",https://www.ontiktechnology.com/
LITSLINK,250 - 999,"Kyiv, Ukraine",https://litslink.com/
WEZOM,250 - 999,"Chicago, United States",https://wezom.com/
Essential Designs,10 - 49,"Vancouver, Canada",https://www.essentialdesigns.net/
PEARL ORGANISATION,50 - 249,"Dehradun, India",https://www.pearlorganisation.com/
LeaSoft,50 - 249,"Kharkiv, Ukraine",https://leasoft.co/
CompleteSoft,50 - 249,"Berlin, Germany",https://completesoft.net/
Unicsoft,50 - 249,"Soquel, United States",https://unicsoft.com/blockchain-development/?utm_source=goodfirms_profile&utm_medium=referral&utm_campaign=blockchain
Rocketech,50 - 249,"Kyiv, Ukraine",https://www.rocketech.it/
KeenEthics,50 - 249,"Tallinn, Estonia",https://keenethics.com/
Ariston IT Services,10 - 49,"Pune, India",https://www.aristonitservices.com/
KEWZZ TECHNOLOGIES PVT LTD,2 - 9,"Fatehpur, India",https://www.kewzz.com/
Contus Tech,250 - 999,"Chennai, India",http://www.contus.com/
Forwardcode Techstudio,10 - 49,"Jamshedpur, India",https://forwardcode.in/
QSS Technosoft,50 - 249,"Bloomington, United States",http://qsstechnosoft.com/
Shivrai technologies,50 - 249,"Pune, India",http://www.shivrai.co.in/
Rabiloo,Freelancer,"Hanoi, Vietnam",https://rabiloo.com/
NSIQ INFOTECH PVT LTD,50 - 249,"Saint Petersburg, United States",https://nsiqinfotech.com/
ForshTec,10 - 49,"Gandhinagar, India",https://forshtec.com/
JSGuru,50 - 249,"Banja Luka, Bosnia and Herzegovina",https://jsguru.io/
PeopleNTech Software,10 - 49,"Dhaka, Bangladesh",https://peoplentech.net/
Opris Exchange,10 - 49,"Madurai, India",https://www.opris.exchange/
MARKTEQ IT SOLUTIONS LLP,2 - 9,"Ahmedabad, India",http://www.markteq.com/
Webcom System,250 - 999,"Chandigarh, India",https://webcomsystem.net/
Remelda Technologies Ltd.,10 - 49,"London, United Kingdom",https://www.remelda.com/
Enosta,50 - 249,"Da Nang, Vietnam",https://enosta.com/
Pixel Punch,10 - 49,"Anaheim, United States",https://pixelpunch.org/
Wolfmatrix Software Development Company,10 - 49,"Melbourne, Australia",https://wolfmatrix.com/
PREFIXA,10 - 49,"Sunnyvale, United States",http://prefixa.com/
Concetto Labs,50 - 249,"Ahmedabad, India",https://www.concettolabs.com/
CybraneX,10 - 49,"Delhi, India",https://www.cybranex.com/
JS Techno Solutions Pvt. Ltd.,10 - 49,"Ahmedabad, India",https://jstechno.com/
Tripearltech Private Limited,10 - 49,"Ahmedabad, India",https://tripearltech.com/
Websmith Solution,10 - 49,"Rajkot, India",https://www.websmithsolution.com/
Mobisoft Infotech,250 - 999,"Houston, United States",https://mobisoftinfotech.com/?utm_source=google&utm_medium=organic&utm_campaign=goodfirms
GFN D'selva Infotech Pvt. Ltd.,50 - 249,"Gurgaon, India",http://www.dselva.co.in/
Sibedge,50 - 249,"Cupertino, United States",https://sibedge.com/en/
Alphalogic Techsys Limited,50 - 249,"Pune, India",https://www.alphalogicinc.com/
NNG,10 - 49,"Ho Chi Minh City, Vietnam",http://www.nng.bz/
NA-AT Technologies,50 - 249,"Distrito Federal, Mexico",https://www.na-at.com.mx/
Digitexa,10 - 49,"Kadikoy, Turkey",https://www.digitexa.com/
Aktiv Software,50 - 249,"Ahmedabad, India",http://www.aktivsoftware.com/
Moon Technolabs Pvt Ltd,250 - 999,"Ahmedabad, India",http://www.moontechnolabs.com/
DS Solution,10 - 49,"Tokyo, Japan",https://www.dssolution.jp/en/
Newfire Global Partners,250 - 999,"Cambridge, United States",https://www.newfireglobal.com/
Relinns Technologies,50 - 249,"Mohali, India",http://www.relinns.com/
Ventagenie Delivery Solution,50 - 249,"Pune, India",http://www.ventagenie.com/
Arvaan Technolab,50 - 249,"Ahmedabad, India",http://www.arvaantechnolab.com/
DS Solution Vietnam,10 - 49,"Hanoi, Vietnam",http://www.dssolution.vn/
Axis Web Art Pvt Ltd,50 - 249,"Jaipur, India",https://www.axiswebart.com/
TechExtensor PVT LTD,50 - 249,"Ahmedabad, India",http://www.techextensor.com/
AppNexus Technology Pvt Ltd,2 - 9,"Noida, India",https://www.appnexustech.com/
SOLUNTECH,10 - 49,"Barranquilla, Colombia",https://www.soluntech.com/
OptiSol Business Solutions,250 - 999,"Chennai, India",http://www.optisolbusiness.com/
Eton Digital,50 - 249,"London, United Kingdom",https://www.etondigital.com/
Ingenious Lab Sdn Bhd,50 - 249,"Kuala Lumpur, Malaysia",http://www.inglab.com.my/
1902 Software Development Corporation,50 - 249,"Manila, Philippines",https://1902software.com/
JKSOFTEC,10 - 49,"Chennai, India",https://jksoftec.com/
Light IT,50 - 249,"Zaporizhzhia, Ukraine",https://light-it.net/?utm_source=goodfirms.co
Kevych Solutions,50 - 249,"Lviv, Ukraine",https://kevychsolutions.com/
Blue Car Technologies Limited,10 - 49,"Reading, United Kingdom",https://www.bluecartechnologies.com/
Tech Stack Apps,10 - 49,"Oradea, Romania",https://techstackapps.com/
"Off-Site Services, Inc.",10 - 49,"NYC, United States",https://www.oss-usa.com/
TechNexus,50 - 249,"Pristina, Kosovo",https://www.technexus.io/
Vraja Technologies,10 - 49,"Rajkot, India",https://www.vrajatechnologies.com/
Exoft,50 - 249,"Lviv, Ukraine",http://exoft.net/
Lasting Dynamics,50 - 249,"Las Palmas, Spain",https://www.lastingdynamics.com/
Trifleck,50 - 249,"Winter Park, United States",http://www.trifleck.com/
Fulminous Software,10 - 49,"Jaipur, India",https://www.fulminoussoftware.com/
Lucenta Solutions Technologies Pvt Ltd,10 - 49,"Jaipur, India",https://www.lucentasolutions.com/
Sankalpsutra Tech LLP,2 - 9,"Pune, India",https://sankalpsutra.com/
Techbar,50 - 249,"Nicosia, Cyprus",https://techbarsw.com/
Apptunix,250 - 999,"Dubai, UAE",http://www.apptunix.com/
Darly Solutions,50 - 249,"Warsaw, Poland",https://www.darly.solutions/
PixelCrayons,250 - 999,"Noida, India",https://www.pixelcrayons.com/
AlpineRoot Technologies Pvt. Ltd.,2 - 9,"Kathmandu, Nepal",https://alpineroot.com.np/
Brocsoft,10 - 49,"Austin, United States",http://www.brocsoft.com/
IntexSoft,250 - 999,"Wroclaw, Poland",https://intexsoft.com/
UplineSoft,250 - 999,"Charlotte, United States",https://uplinesoft.com/
Codeska,10 - 49,"Odesa, Ukraine",https://codeska.com/
Debut Infotech,50 - 249,"Mohali, India",https://www.debutinfotech.com/
Jay Analytix,10 - 49,"Windsor, Canada",https://www.jayanalytix.ca/
Kaopiz,250 - 999,"Hanoi, Vietnam",https://kaopiz.com/en/
"SoftPak Financial Systems, Inc",50 - 249,"Wayland, United States",https://www.softpak.com/
Lexis Solutions,10 - 49,"Sofia, Bulgaria",https://lexis-solutions.com/
Exatosoftware,250 - 999,"Jaipur, India",https://www.exatosoftware.com/
Azilen Technologies,250 - 999,"Irving, United States",https://www.azilen.com/
Aum Solutions,50 - 249,"Rajkot, India",https://aum-solutions.com/
SYNARION IT SOLUTIONS,50 - 249,"Jaipur, India",https://www.synarionit.com/
Top Remotely,"1,000 - 9,999","Brooklyn, United States",https://topremotely.com/
IcornA,10 - 49,"Lviv, Ukraine",https://icorna.org/
Spaculus Software,50 - 249,"Vadodara, India",https://spaculus.com/
Wings Tech Solutions,10 - 49,"Rajkot, India",https://wingstechsolutions.com/
NextAstra Technologies,50 - 249,"Pune, India",https://nextastra.com/
Helixora Solutions,10 - 49,"Denver, United States",https://helixorasolutions.com/
Evrone,50 - 249,"Moscow, Russia",https://evrone.com/
Samyotech Software Solutions Pvt. Ltd.,10 - 49,"London, United Kingdom",https://samyotech.com/
PioGroup Software,10 - 49,"Kharkiv, Ukraine",https://piogroup.net/
Reckonsys Tech labs Private Limited,50 - 249,"Bengaluru, India",https://www.reckonsys.com/
Cookietech LTD.,10 - 49,"Dhaka, Bangladesh",https://www.cookietechltd.com/
Abhiwan Technology,50 - 249,"Noida, India",https://www.abhiwan.com/
WhizzBridge,50 - 249,"Dover, United States",https://www.whizzbridge.com/
Rokad,10 - 49,"Ranchi, India",https://rokad.co/
Bloom Consulting Services,50 - 249,"Nagpur, India",https://bloomcs.com/
Tech Exactly,50 - 249,"Laguna Beach, United States",https://techexactly.com/
AKDev Group,50 - 249,"Tbilisi, Georgia country",https://akdevgroup.com/
CodeGeeks Solutions,10 - 49,"Tallinn, Estonia",https://codegeeks.solutions/
Plavno,50 - 249,"Warsaw, Poland",https://plavno.io/?utm_source=goodfirms&utm_medium=referral&
Protonshub Technologies,50 - 249,"Indore, India",https://www.protonshub.com/top-mobile-application-development-company?utm_source=Goodfirm&utm_medium=Company-Profile&utm_campaign=Goodfirm-Directory
Aspired,50 - 249,"West Palm Beach, United States",https://aspired.io/lp/hire-remote-team-v2/?utm_source=goodfirms.co&utm_medium=referral&utm_campaign=directory
Vinova,50 - 249,"Singapore, Singapore",https://vinova.sg/
VT Labs,50 - 249,"Tallinn, Estonia",https://www.vtlabs.org/
Linkup Studio,50 - 249,"Wroclaw, Poland",https://linkupst.com/?utm_source=goodfirms&utm_medium=referral
Django Stars,50 - 249,"Denver, United States",http://djangostars.com/
HDWEBSOFT,250 - 999,"Ho Chi Minh City, Vietnam",https://www.hdwebsoft.com/
Idea Maker,10 - 49,"Irvine, United States",https://ideamaker.agency/
Innowise,"1,000 - 9,999","Warsaw, Poland",https://innowise.com/
Citrusbug Technolabs,10 - 49,"Ahmedabad, India",https://citrusbug.com/
Roonyx,50 - 249,"Saint Petersburg, United States",https://roonyx.tech/
Sparx IT Solutions Pvt Ltd,250 - 999,"Noida, India",https://www.sparxitsolutions.com/web-and-app-development-company.shtml
MobiDev Corporation,250 - 999,"Chernihiv, Ukraine",https://mobidev.biz/?utm_source=goodfirms&utm_medium=AI-ad&utm_campaign=spring
Unified Infotech,50 - 249,"Kolkata, India",https://www.unifiedinfotech.net/?utm_source=referral&utm_medium=Goodfirms&utm_id=Goodfirms
Captus Technologies,10 - 49,"Ahmedabad, India",https://captustechnologies.com/
Raftlabs,10 - 49,"Dublin, Ireland",https://www.raftlabs.com/
NetSet Software Solutions,50 - 249,"Mohali, India",https://www.netsetsoftware.com/
Hivex,50 - 249,"Hallandale, United States",https://hivex.tech/
MetaDesign Solutions,250 - 999,"Gurgaon, India",https://metadesignsolutions.com/website-development?utm_source=goodfirms&utm_medium=sponsorship&utm_campaign=campaign
Infinite Open Source Solutions LLP,50 - 249,"Kozhikode, India",https://ioss.in/
HOI Solutions,10 - 49,"Newport Beach, United States",https://hoisolutions.com/
Edify Software Consulting,50 - 249,"Alajuela, Costa Rica",https://www.edify.cr/
Kuchoriya Techsoft,50 - 249,"Phoenix, United States",https://www.kuchoriyatechsoft.com/
AnAinfo,50 - 249,"Madurai, India",https://anainfo.com/
Software Co,10 - 49,"Sydney, Australia",https://www.softwareco.com/
TecOrb Technologies,50 - 249,"Noida, India",https://www.tecorb.com/
IZISS TECHNOLOGY PRIVATE LIMITED,10 - 49,"Indore, India",https://izisstechnology.com/
Creole Studios,50 - 249,"Birmingham, United States",https://www.creolestudios.com/
DataByteWorks,10 - 49,"Ahmedabad, India",https://databyteworks.com/
Melonleaf Consulting,50 - 249,"Gurgaon, India",https://melonleaf.com/
Protolabz eServices,10 - 49,"Phagwara, India",https://protolabzit.com/
Dreamers Inc.,2 - 9,"Los Angeles, United States",https://www.thedreamers.us/
Idea Team,2 - 9,"Chernihiv, Ukraine",https://ideateam.dev/
CITYTECH SOFTWARE,50 - 249,"Kolkata, India",http://www.citytechcorp.com/
Softuvo Solutions Private Limited,10 - 49,"Mohali, India",https://www.softuvo.com/
Relipa Global,50 - 249,"Hanoi, Vietnam",https://relipa.global/
Techstack company,50 - 249,"Wroclaw, Poland",https://tech-stack.com/?utm_medium=referral&utm_source=directories&utm_campaign=goodfirms
Elluminati,50 - 249,"Rajkot, India",https://www.elluminatiinc.com/
Scrums.com,250 - 999,"Johannesburg, South Africa",https://www.scrums.com/
IT Path Solutions,50 - 249,"Ahmedabad, India",http://www.itpathsolutions.com/
Redot Global,10 - 49,"Singapore, Singapore",https://redot.global/
Wise Accelerate,50 - 249,"Hanoi, Vietnam",https://www.wiseaccelerate.com/
Essence Solusoft,10 - 49,"Ahmedabad, India",https://essencesolusoft.com/
Existek,250 - 999,"Warsaw, Poland",https://existek.com/
CodeFulcrum,10 - 49,"South San Francisco, United States",https://codefulcrum.com/
Microknot,10 - 49,"Sydney, Australia",https://www.microknot.com.au/
Euristiq,50 - 249,"Toronto, Canada",http://euristiq.com/
SolidBrain,10 - 49,"Lviv, Ukraine",https://solidbrain.net/
Topflight Apps,10 - 49,"Laguna Beach, United States",https://topflightapps.com/
Enkonix,10 - 49,"Lisbon, Portugal",https://enkonix.com/
Consagous Technologies,50 - 249,"Indore, India",https://www.consagous.co/
Grinteq,50 - 249,"NYC, United States",https://www.grinteq.com/
GrowithAmazon Amazon Consultancy Agency,10 - 49,"NYC, United States",https://growithamazon.com/
YARSY,2 - 9,"Kyiv, Ukraine",https://yarsy.com/
Solicy,10 - 49,"Yerevan, Armenia",https://solicy.net/
RootedAI,2 - 9,"Hosur, India",https://www.rootedai.co.in/
EncureIT Systems Pvt Ltd,50 - 249,"Pune, India",https://www.encureit.com/
Codiantix,2 - 9,"Accra, Ghana",https://www.codiantix.com/
GroupBWT,50 - 249,"Altadena, United States",https://groupbwt.com/service/web-scraping/
ByteCrab,10 - 49,"Ivano-Frankivsk, Ukraine",https://bytecrab.com/
Global Phoenix Solutions Ltd,2 - 9,"Bognor Regis, United Kingdom",https://globalphoenix.co.uk/
Destm Technologies,50 - 249,"Mohali, India",https://destm.com/
Soft Suave Technologies,250 - 999,"Ellicott City, United States",https://www.softsuave.com/
Sinapis Technologies Ltd.,10 - 49,"Bnei Brak, Israel",https://www.sinapis.tech/
Niransoft Technologies,10 - 49,"Ariyalur, India",https://www.niransoft.com/
DesignDemonz,10 - 49,"Noida, India",https://designdemonz.com/
Tech Alchemy,50 - 249,"London, United Kingdom",https://www.techalchemy.com/
NEX Softsys,50 - 249,"NYC, United States",https://www.nexsoftsys.com/
Sibirtech LLC,10 - 49,"Knoxville, United States",https://sibirtech.com/
Cubix,50 - 249,"West Palm Beach, United States",https://www.cubix.co/
CyberPro Consulting,250 - 999,"Cape Town, South Africa",https://www.cpconsulting.co.za/
CosvexLabs,10 - 49,"Indi, India",https://cosvexlabs.com/
startelelogic,50 - 249,"Noida, India",http://www.startelelogic.com/
Designpluz,10 - 49,"Sydney, Australia",https://www.designpluz.com.au/
TCM STUNNER IT CONSULTANTS LLP,10 - 49,"Howrah, India",https://tcmstunner.com/
Terasol Technologies,50 - 249,"Greater Noida, India",https://www.terasoltechnologies.com/
Webvolty IT Solution,10 - 49,"Surat, India",http://www.webvolty.com/
ValueCoders,250 - 999,"Noida, India",https://www.valuecoders.com/
Nadcab Labs,10 - 49,"Prayagraj, India",https://www.nadcab.com/
Bitswits,50 - 249,"Houston, United States",https://www.bitswits.co/
Sloboda Studio,50 - 249,"Paralepa, Estonia",https://sloboda-studio.com/
Everon Lab,2 - 9,"Surat, India",https://everonlab.in/
Zangula,10 - 49,"Tel Aviv, Israel",https://zangula.com/
Sphinx,50 - 249,"Hanoi, Vietnam",https://sphinxjsc.com/
SIFARS,10 - 49,"Patiala, India",https://sifars.com/
Codescastle Software Pvt. Ltd.,50 - 249,"Pune, India",http://codescastle.com/
Okaxi Technology Solutions,10 - 49,"Ho Chi Minh City, Vietnam",https://okaxi.com/
Kistechnosoftware Pvt.Ltd,10 - 49,"Jaipur, India",https://www.kistechnosoftware.in/
Mldatahouse,50 - 249,"Islamabad, Pakistan",https://www.mldatahouse.com/
GCC Marketing,50 - 249,"Dubai, UAE",https://www.gcc-marketing.com/
Dotsquares Ltd.,250 - 999,"Billingshurst, United Kingdom",http://www.dotsquares.com/
Dezdok,10 - 49,"Ahmedabad, India",https://dezdok.com/
Giant Leap Lab,10 - 49,"Sumy, Ukraine",https://giantleaplab.com/
IT-Dimension,50 - 249,"Santa Monica, United States",https://it-dimension.com/
iCodeBees Private Limited,10 - 49,"Ernakulam, India",https://www.icodebees.com/
Softude Infotech,250 - 999,"Indore, India",https://www.softude.com/
Tech4biz Solutions Private Limited,50 - 249,"Bengaluru, India",http://tech4bizsolutions.com/
Caemcore,10 - 49,"Warsaw, Poland",https://caemcore.com/
Prakash Software Solutions Pvt Ltd,50 - 249,"Vadodara, India",https://www.prakashinfotech.com/
BRACKETS,10 - 49,"Bratislava, Slovakia",https://meetbrackets.com/
Iqonic Design,50 - 249,"Dubai, UAE",https://iqonic.design/hire-top-software-development-company/?utm_medium=referral_profile&utm_source=goodfirms
Nest Software Private Ltd.,10 - 49,"Amritsar, India",https://nspl.co.in/
ZipLyne,2 - 9,"Miami, United States",https://ziplyne.agency/
7EDGE,50 - 249,"NYC, United States",https://pages.7edge.com/mobile-application-development-services/?utm_source=referral&utm_medium=gd-mad&utm_campaign=goodfirms
VEProf,10 - 49,"Casper, United States",https://www.veprof.com/
Intelisoft,10 - 49,"Lviv, Ukraine",https://intelisoft.co/
Zactra Technologies Inc.,50 - 249,"Queens, United States",https://www.zactra.com/
Exogrow Solutions,10 - 49,"Huddersfield, United Kingdom",https://www.exogrowsolutions.com/
Vyanic Technologies Private Limited,10 - 49,"Coimbatore, India",https://vyanic.com/
TruTed,50 - 249,"Amman, Jordan",https://truted.com/
SkilldLabs,2 - 9,"Boston, United States",https://www.skilldlabs.com/
Synoris,10 - 49,"Navi Mumbai, India",https://synoris.co/
Techlusion,10 - 49,"Ahmedabad, India",https://techlusion.io/
Manao Software,50 - 249,"Chiang Mai, Thailand",https://manaosoftware.com/
Kultrix,10 - 49,"Lviv, Ukraine",https://kultrix.com/
Dev House Austria,50 - 249,"Vienna, Austria",https://www.devhouseaustria.at/
Iqra Technology,50 - 249,"Mumbai, India",https://iqratechnology.com/
Aneka Labs Private Limited,50 - 249,"Pune, India",https://anekalabs.com/
DevArion Solution,2 - 9,"Lahore, Pakistan",https://devarionsolution.com/
Agho IT Solutions Pvt. Ltd.,10 - 49,"Lucknow, India",https://aghoitsolutions.in/
Helix Stax,2 - 9,"Portsmouth, United States",https://helixstax.com/
Aress Software,250 - 999,"Nashik, India",http://www.aress.com/
Misha Infotech Private Limited,10 - 49,"Noida, India",https://www.mishainfotech.com/
HatchTechs UAE,10 - 49,"Dubai, UAE",https://hatchtechs.ae/
HASHCOVET,10 - 49,"Thiruvananthapuram, India",https://hashcovet.com/
Aimtraction,10 - 49,"Lviv, Ukraine",https://aimtraction.com/
The Debuggers LTD,10 - 49,"Birmingham, United Kingdom",https://thedebuggers.uk/
ForgeSky,2 - 9,"Colombo, Sri Lanka",https://www.forgesky.dev/
Happy Vibes,10 - 49,"Austin, United States",https://happy-vibes.tech/
Aroha Edge,2 - 9,"Kolkata, India",https://arohaedge.co/
Narba,10 - 49,"Noida, India",https://narbagroup.com/
Canadian Software Agency Inc.,10 - 49,"Karachi, Pakistan",https://canadian.agency/
KMS Technology,"1,000 - 9,999","Atlanta, United States",https://kms-technology.com/
Plain & Pixel,10 - 49,"Greater Noida, India",https://plainnpixel.tech/
Novus Team,10 - 49,"Warsaw, Poland",https://www.novus.team/
SylJo Tech,10 - 49,"Lahore, Pakistan",https://syljotech.com/
RipenApps,50 - 249,"Noida, India",https://ripenapps.com/?utm_source=goodfirms.co
Ranolia Ventures,250 - 999,"Wilmington, United States",https://www.ranoliaventures.com/
V2S Infosystem Pvt. Ltd.,10 - 49,"Delhi, India",http://itisme.in/
The MASCC,50 - 249,"Prague, Czech Republic",https://themascc.com/ch